,name,dim,gamma_square,neg_elbo,kl_loss,rec_loss,prior,cima,mcc,min_cima,min_cima_step,cima4max_mcc,cima4min_neg_elbo,max_mcc,max_mcc_step,mcc4min_cima,mcc4min_neg_elbo,min_neg_elbo,min_neg_elbo_step,mse_sources_mean_decoded_sources,mse_obs_decoded_mean_latents,sigma_0,sigma_1,sigma_2,col_norm_sq_0,col_norm_sq_1,col_norm_sq_2,rhs_0,rhs_1,rhs_2
0,polished-sweep-120,3,1000000.0,9.026652248870231,-20.95720863342285,11.93055658291688,gaussian,0.009174251928925514,0.8652810524900186,0.009174251928925514,17,0.020577672868967056,0.013767514377832413,0.8709935410927886,6,0.8652810524900186,0.8683435862453615,7.274880007934901,12,5.941049948887667e-06,1.799774395294662e-06,4.346379682829138e-06,4.043561602884438e-06,3.545661684256629e-06,0.2241954610005772,0.24096072895703458,0.259176518630003,4.4603737076716185e-06,4.150036623360666e-06,3.858359341064536e-06
1,northern-sweep-119,3,1000000.0,16.855709494408238,-21.076311111450195,4.220605731828739,gaussian,0.01178731769323349,0.6963271507588984,0.01178731769323349,17,0.03084845468401909,0.016194140538573265,0.7096709041356905,4,0.6963271507588984,0.7011514039887414,7.392686884469988,12,3.905401626980165e-06,1.8953204516947153e-06,5.009686447010608e-06,5.015031547372928e-06,6.109846253821161e-06,0.2082049488979445,0.18394427153067738,0.1881229333549692,4.802936733042946e-06,5.43639959689437e-06,5.315644756975763e-06
2,cool-sweep-118,3,1000000.0,13.235368213650023,-21.318557739257812,8.083191168470744,gaussian,0.01218736544251442,0.8911093226388386,0.0010086975526064634,3,0.003531861584633589,0.004922493826597929,0.9005327338399418,1,0.8977573729760492,0.8941558491164269,8.428323183332662,7,1.1824077773781028e-05,2.3456775579688838e-06,4.270529188943328e-06,4.825356427318184e-06,4.416783212946029e-06,0.24582489844612443,0.21010313897660637,0.22512259111096,4.0679196387404295e-06,4.759544504315277e-06,4.442004478807e-06
3,smart-sweep-117,3,1000000.0,11.354530045145408,-20.885730743408203,9.531207468078875,gaussian,0.009332639165222645,0.711321088404152,0.009332639165222645,16,0.009332639165222645,0.020366594195365906,0.711321088404152,16,0.711321088404152,0.7063862269995985,8.116163907585417,11,8.341068678419106e-06,2.4515538825653493e-06,4.81361712445505e-06,4.700263616541633e-06,6.042342647560872e-06,0.19912700608144007,0.22322163539598705,0.1597668925228959,5.021895310853544e-06,4.479832424816795e-06,6.25907987023546e-06
4,wobbly-sweep-116,3,1000000.0,14.775725343844009,-20.734437942504883,5.958713788846431,gaussian,0.004473712760955095,0.7900059585531083,0.004473712760955095,9,0.005601333454251289,0.007265698630362749,0.7903576369185965,6,0.7900059585531083,0.7898257459990251,9.360259586187038,4,4.375029220682336e-06,3.228678451705491e-06,3.14655585498258e-06,6.689431756967679e-06,4.925511802866822e-06,0.3384655601372657,0.16216561541604335,0.2140244522025938,2.9545016192868455e-06,6.166497323968129e-06,4.672341488868401e-06
5,comfy-sweep-115,3,1000000.0,10.734487963469286,-20.97430419921875,10.239810478099724,gaussian,0.000245745963184163,0.7449397380197931,0.000245745963184163,20,0.009677453897893429,0.0005352700827643275,0.7606921547856694,0,0.7449397380197931,0.745310207357491,7.507563199452384,15,4.522504696069518e-06,1.989845713978866e-06,4.753304438054329e-06,5.556702490139287e-06,4.803594947588863e-06,0.21601903817981238,0.17846760833195052,0.20198474323683513,4.629200181733199e-06,5.6032263003923136e-06,4.9508444703815865e-06
6,leafy-sweep-114,3,1000000.0,13.872149457859503,-20.88610458374023,7.013950309189658,gaussian,0.005784019362181425,0.7013592198589457,0.004790555220097303,0,0.004790555220097303,0.009074041619896889,0.7073218243938711,0,0.7073218243938711,0.7004163147090006,9.110569422785208,6,5.5653758863627445e-06,3.0885332762409234e-06,5.0363451009616256e-06,3.5346079130249564e-06,4.332409844209906e-06,0.18942843611612048,0.29417597297021203,0.22686450167841432,5.279010593617555e-06,3.3993143307693853e-06,4.407898039154128e-06
7,zany-sweep-113,3,1000000.0,47.51202416080996,-21.063175201416016,-26.44884514469671,gaussian,0.010465414263308048,0.8791140688153422,0.009963007643818855,12,0.03149762004613876,0.012382106855511665,0.8815090630824544,1,0.8789402875212375,0.879264020322229,11.464207812675335,8,4.1960897760873195e-06,4.585329861583887e-06,2.1776947960461257e-06,3.606031441449886e-06,2.9762654776277486e-06,0.44412155190090985,0.2579403106505005,0.3333598885456581,2.2516307620945002e-06,3.876850890918196e-06,2.999752023588205e-06
8,firm-sweep-112,3,1000000.0,22.112601658443513,-20.947546005249023,-1.165060251176242,gaussian,0.006146287079900503,0.8066052244537861,0.006146287079900503,20,0.012323771603405476,0.011281145736575127,0.807375902114158,14,0.8066052244537861,0.8071773312311618,7.742369011850976,15,4.8538308874412905e-06,2.1571729575953213e-06,4.5899487304268405e-06,3.4100851280527422e-06,4.090180482307915e-06,0.22308242906598252,0.28947156519330974,0.23456166198518336,4.482627885840077e-06,3.4545588088190677e-06,4.263253117681479e-06
9,comfy-sweep-111,3,1000000.0,13.38735228433919,-20.791276931762695,7.403933360192055,gaussian,0.002222631359472871,0.8472392582236488,0.0021443436853587627,24,0.0021443436853587627,0.002373485593125224,0.8474444749074358,24,0.8474444749074358,0.8472682938959781,7.398825667798751,20,4.805997832590947e-06,2.029225925070932e-06,3.556879164534621e-06,3.566565510482178e-06,2.932376219177968e-06,0.2996419286314591,0.2784708201362527,0.33261833279175335,3.3373055208318748e-06,3.5910276289741377e-06,3.0064397989339994e-06
10,devout-sweep-110,3,1000000.0,18.433686949968376,-21.303178787231445,2.869493490298551,gaussian,0.0020080814138054848,0.8472741863785028,0.0020080814138054848,16,0.0020080814138054848,0.0039439438842237,0.8472741863785028,16,0.8472741863785028,0.8436218331175802,6.828424824009516,11,2.674154984561028e-06,1.2530489357232e-06,5.429054453998106e-06,4.8978504310071e-06,3.4129554933315376e-06,0.19469798248565784,0.2045898052529651,0.30947192745714247,5.1361336727769655e-06,4.887805191262412e-06,3.2313004184784003e-06
11,hopeful-sweep-109,3,1000000.0,19.951009325922065,-20.75118637084961,0.8001729504858108,gaussian,0.006900865118950605,0.8196144720144516,0.006900865118950605,13,0.007253196556121111,0.008098074235022068,0.8198260075652045,12,0.8196144720144516,0.8193475897061374,10.063819151357915,8,7.5620469033310656e-06,3.8077471344877267e-06,6.764314548490802e-06,4.33580817116308e-06,3.7902939311607042e-06,0.15063153266333984,0.24653055440214544,0.2610879616974593,6.638672153478136e-06,4.056275889003593e-06,3.830112133039025e-06
12,dark-sweep-108,3,1000000.0,24.324418808204214,-20.97722625732422,-3.347196340145949,gaussian,0.007866770029067993,0.8453690769202786,0.007866770029067993,12,0.007866770029067993,0.018371909856796265,0.8453690769202786,12,0.8453690769202786,0.8438608000888327,8.720762150738592,7,3.16786031362426e-06,2.784827984214644e-06,3.0806943414063426e-06,6.824066076660529e-06,4.40957592218183e-06,0.2935591482128075,0.15045551637968746,0.2344347489216858,3.4064569257373467e-06,6.6464386127113996e-06,4.2655610528667875e-06
13,deft-sweep-107,3,1000000.0,15.361534683431092,-20.78912925720215,5.4275886533608935,gaussian,0.0030844879802316427,0.9674482898200982,0.0016928062541410327,0,0.0030844879802316427,0.002915739081799984,0.9674482898200982,15,0.959178096418935,0.9657078849051557,10.512935038253842,10,8.901944056560751e-06,4.11016435464262e-06,5.87934391660383e-06,7.071364507282851e-06,5.383603365771705e-06,0.17920314912632662,0.14066986352340027,0.19856804783657722,5.580227940453926e-06,7.108792645135446e-06,5.036031601576708e-06
14,youthful-sweep-106,3,1000000.0,16.849578922959708,-20.81311416625977,3.9635347245012262,gaussian,0.0043141585774719715,0.8390766141776538,0.004020162392407656,11,0.006252193357795477,0.0045954086817801,0.8508437841659987,1,0.8396879296162125,0.8421801543762497,6.9376632911204785,7,4.381403414299712e-06,1.7925661950357608e-06,5.3495373322220985e-06,5.100181169837015e-06,3.896990165230818e-06,0.18624736026708888,0.1758543960250769,0.27445675449621376,5.3691747866448496e-06,5.686490278964203e-06,3.643547990967023e-06
15,vague-sweep-105,3,1000000.0,14.322091299982723,-20.819202423095703,6.497106403060893,gaussian,0.0019285583402961493,0.7103561610731909,0.0019285583402961493,19,0.018193205818533897,0.00343807484023273,0.7270625839077508,0,0.7103561610731909,0.7120660949076981,7.203858942922303,14,2.650262558745453e-06,1.888158749352442e-06,4.677960532717407e-06,4.158978299528826e-06,4.452680059330305e-06,0.2121021942812149,0.24249059371065673,0.20634431511866413,4.7146861856034094e-06,4.123854294071775e-06,4.846245234232357e-06
16,wandering-sweep-104,3,1000000.0,18.13739184711933,-21.65452003479004,3.5171282639646693,gaussian,0.04407215863466263,0.819371685853376,0.04407215863466263,8,0.05678239092230797,0.0675041675567627,0.8295706632657187,0,0.819371685853376,0.8185024780846782,16.827099478020916,3,8.11716090538539e-05,7.28493205315317e-06,2.66817460214952e-06,1.2972115655429661e-05,3.978781933255959e-06,0.4616083699999116,0.17224893828360255,0.33106683998926556,2.1663338419672707e-06,5.805517319568152e-06,3.0205289647959274e-06
17,sleek-sweep-103,3,1000000.0,8.691502781021116,-20.685014724731445,11.993515280298867,gaussian,0.0030188881792128086,0.8891566807190772,0.0030188881792128086,18,0.0030188881792128086,0.004941963590681553,0.8891566807190772,18,0.8891566807190772,0.8878291364894899,8.49555090237525,13,2.9833765893272357e-06,2.7775108719652053e-06,4.744935722555965e-06,2.503079940652242e-06,3.0007213354110718e-06,0.2029833968997572,0.4295771804170414,0.3218859888456258,4.92648703680335e-06,2.32786497449471e-06,3.106680402293587e-06
18,dainty-sweep-102,3,1000000.0,14.11710110813842,-20.739452362060547,6.62235363937948,gaussian,0.0018660678761079907,0.8757045782970816,0.0015015436802059412,1,0.0018660678761079907,0.0022560430224984884,0.8757045782970816,14,0.8706212155491736,0.8748240943346925,7.824043526461757,9,2.493076181053766e-06,2.341280833206838e-06,3.2760153771960177e-06,4.6354412006621715e-06,3.5618365927803097e-06,0.3035852349172643,0.20960979334319063,0.288953244510882,3.2939569881108995e-06,4.770746697011563e-06,3.4607555313565917e-06
19,colorful-sweep-101,3,1000000.0,14.2386534765217,-20.861629486083984,6.622974102213656,gaussian,0.012345929630100729,0.8166441863798835,0.009656127542257309,2,0.010728815570473671,0.014432487078011036,0.8391562961412331,0,0.8332977541365388,0.8163686325617047,8.792476538166254,10,5.664850050379755e-06,2.9587397420982597e-06,4.8438459998578764e-06,5.067641723144334e-06,5.6180861065513454e-06,0.21332625047122722,0.19960932913873908,0.17144893855061127,4.6876336604491896e-06,5.009760789006818e-06,5.832606348265354e-06
20,wandering-sweep-100,3,99999.99999999999,5.887648871565166,-17.377532958984375,11.48988585743874,gaussian,0.0006533635314553976,0.8665680222880351,0.0006533635314553976,13,0.00997187476605177,0.0028989792335778475,0.870303870704326,4,0.8665680222880351,0.869700179647839,5.5013483932583105,8,1.5756093489471823e-05,7.180773536674678e-06,4.617223021341488e-05,4.183298733551055e-05,4.090155562153086e-05,0.227572841534883,0.24250283336315093,0.2553332556152874,4.394004368939756e-05,4.123493120475607e-05,3.916296898425423e-05
21,fancy-sweep-99,3,99999.99999999999,5.076051923391534,-17.37746810913086,12.301418072742898,gaussian,0.0006197605398483574,0.6850631602909164,0.0006197605398483574,17,0.02502872236073017,0.001481170067563653,0.7059655341613983,3,0.6850631602909164,0.6878301275244009,4.976261470725907,12,1.4208461834641639e-05,3.8101043173810467e-06,4.7424211516045034e-05,4.8181842430494726e-05,5.559533019550145e-05,0.2105800512332543,0.1961810826551167,0.19912362817928742,4.7485624042722584e-05,5.0970716225563376e-05,5.02175352873932e-05
22,generous-sweep-98,3,99999.99999999999,6.1148793939994075,-17.574167251586914,11.459286057050395,gaussian,0.012635950930416584,0.8900852651889043,0.0008864091360010207,2,0.0031412900425493717,0.0139150470495224,0.9003921651563022,1,0.8991599902273574,0.8910005116139285,5.167866397642265,11,5.282799975248054e-06,3.240244723201613e-06,3.7435878766700625e-05,4.636883386410773e-05,3.748288145288825e-05,0.2676668296523168,0.21406071455285858,0.24729285385787136,3.7358481916379975e-05,4.671353585607241e-05,4.043624990169806e-05
23,brisk-sweep-97,3,99999.99999999999,5.341956302127003,-17.27777671813965,11.935816001136336,gaussian,0.0002647991059347987,0.7232660486385178,0.00014137712423689663,20,0.0002298202452948317,0.00015033467207103968,0.7233252168797044,25,0.7210823910125846,0.7222302246582852,4.797660867471614,21,5.840764515596675e-06,3.3212804737559054e-06,4.367194196674973e-05,4.150642052991316e-05,5.266617881716229e-05,0.21540964338770952,0.2441683598308373,0.18879929625237324,4.642102197710043e-05,4.095367012428061e-05,5.2963493845310634e-05
24,earnest-sweep-96,3,99999.99999999999,6.954329393872047,-17.264366149902344,10.310032397102889,gaussian,0.0005024090060032904,0.7878694702002516,0.0005024090060032904,11,0.01577724702656269,0.0016988633433356881,0.789829209479257,0,0.7878694702002516,0.7879339753383459,4.866241252758007,6,5.194361619942356e-06,3.896090220223414e-06,2.6412819352117367e-05,5.617542046820745e-05,3.9871771150501445e-05,0.3577815863691427,0.18161077731007058,0.23829170328468763,2.7949231846057848e-05,5.505977976808008e-05,4.196361109535789e-05
25,crisp-sweep-95,3,99999.99999999999,5.958293551496908,-17.431615829467773,11.473322349178549,gaussian,0.0006911201635375619,0.7453715183336249,0.0006911201635375619,13,0.009613553062081337,0.0010799478041008115,0.7608110624141873,0,0.7453715183336249,0.7474328153042664,5.022284548230203,8,6.600042070203926e-06,3.6200412978359964e-06,4.7590856411261484e-05,5.761456486652605e-05,4.709822314907797e-05,0.20726775382782225,0.16472720758252368,0.2038050486749512,4.824444406275562e-05,6.07027407271705e-05,4.90640905321384e-05
26,iconic-sweep-94,3,99999.99999999999,6.225567916881726,-17.351154327392578,11.12557969664366,gaussian,0.0006007206975482404,0.7063323850162584,0.0005944404401816428,13,0.004788973368704319,0.0012651156866922975,0.7073335834746056,0,0.706364175362815,0.7042333073199354,5.2061353309197145,9,7.5268280852469616e-06,5.426621555670863e-06,4.661191997001879e-05,3.107110387645662e-05,3.990848927060142e-05,0.20218605119579625,0.32247466821647564,0.24178368428270236,4.945695002874471e-05,3.1009226129433416e-05,4.135757321232641e-05
27,spring-sweep-93,3,99999.99999999999,5.555304572058803,-17.378551483154297,11.823245680219838,gaussian,0.000742335629183799,0.882508020360755,0.000742335629183799,20,0.000742335629183799,0.0018169787945225835,0.882508020360755,20,0.882508020360755,0.8809793162483432,4.77777563723576,15,3.83525775760063e-06,2.6328759759053355e-06,2.2898097085999325e-05,3.30852999468334e-05,2.876493635994848e-05,0.42557857551912903,0.3003459824890662,0.35332927381013235,2.349687133354577e-05,3.3293826602451744e-05,2.83014109701644e-05
28,vocal-sweep-92,3,99999.99999999999,5.549255543955739,-17.24501609802246,11.695764292470049,gaussian,0.0006525602075271308,0.8043709276908001,0.0004854463040828705,14,0.0006024678586982191,0.0006193300941959023,0.8046218013078343,21,0.803990100382312,0.8044093518048763,5.220987485905141,18,6.945540008018725e-06,5.952661012997851e-06,3.9383558032568544e-05,3.5848912375513464e-05,3.7263343983795494e-05,0.251598939665886,0.30194539003515786,0.2559898998166297,3.9744215818718925e-05,3.311747473305796e-05,3.906251528677514e-05
29,stellar-sweep-91,3,99999.99999999999,6.038499594661396,-17.363929748535156,11.325433322615629,gaussian,0.000320602412102744,0.8508931472089374,0.00024417813983745873,15,0.000320602412102744,0.0004201450210530311,0.8508931472089374,16,0.8503224447203528,0.8483367525107186,4.809777032436923,11,3.5356108583073365e-06,3.2438128982903436e-06,3.494650445645675e-05,3.947257937397808e-05,2.8394277251209132e-05,0.30060108986348055,0.2655093714331578,0.3394098392860201,3.326557248616942e-05,3.766203552691603e-05,2.9462037401924717e-05
30,firm-sweep-90,3,99999.99999999999,6.225032704296142,-17.540529251098633,11.31549276770907,gaussian,0.0013211866607889533,0.8549915384520227,0.0013211866607889533,25,0.0013211866607889533,0.0016008205711841583,0.8549915384520227,25,0.8549915384520227,0.8537030694601258,5.0500063435418365,20,6.593370926566422e-06,3.215221113350708e-06,4.463675577426329e-05,4.452418943401426e-05,3.2532887416891754e-05,0.22107784067850744,0.225424192246245,0.30307568614782454,4.523089089526817e-05,4.435884326312336e-05,3.299396988059239e-05
31,golden-sweep-89,3,99999.99999999999,7.00182234446733,-17.306692123413086,10.304870745335732,gaussian,0.0010892143473029137,0.8217699720675125,0.0009492620010860264,12,0.0010892143473029137,0.0021448414772748947,0.8217699720675125,13,0.8216012177835429,0.8210279632754219,4.913542736482796,8,5.752719516749494e-06,4.021026597911259e-06,6.132388080004603e-05,4.062997686560266e-05,3.746278161997907e-05,0.16139132775095621,0.25898198713335674,0.2701967569938155,6.195735895946343e-05,3.861123315313586e-05,3.70086970113367e-05
32,warm-sweep-88,3,99999.99999999999,5.344068070878898,-17.329198837280273,11.98513488118816,gaussian,0.0007541649974882603,0.8435700814560058,0.0007541649974882603,20,0.0008232911350205541,0.0008437646320089698,0.8452723636582224,12,0.8435700814560058,0.8442635419482902,4.9157032059838155,15,8.759420779824723e-06,3.877777999150567e-06,3.371453931322321e-05,5.248917659628205e-05,3.632685184129514e-05,0.2994349114302999,0.19151743252881293,0.268892720494339,3.3395124172372676e-05,5.221184176055629e-05,3.718816969057226e-05
33,comfy-sweep-87,3,99999.99999999999,7.034280861761891,-17.331621170043945,10.297341712090653,gaussian,0.00129358796402812,0.9674611230600318,0.00129358796402812,12,0.00129358796402812,0.0015726680867373943,0.9674611230600318,12,0.9674611230600318,0.9661773012008368,5.568845008450389,7,1.753003198246006e-05,8.246209290518891e-06,5.878914817003533e-05,7.097321940818802e-05,5.434744889498688e-05,0.1738205272607809,0.13840249940323535,0.193438112164813,5.7527294874955894e-05,7.224781029975573e-05,5.1693448377931187e-05
34,wandering-sweep-86,3,99999.99999999999,5.159178819077184,-17.258317947387695,12.09913981495603,gaussian,0.0005380624206736684,0.8356237124637881,0.0005380624206736684,19,0.0059546055272221565,0.0006863352609798312,0.8509576048958314,1,0.8356237124637881,0.8376893984426927,5.0738470641873175,14,9.823364052863326e-06,5.3474022934096865e-06,4.4174368667881936e-05,4.930983413942158e-05,3.632651350926608e-05,0.21425051462961164,0.20869309967235328,0.2820187519212283,4.667215523722056e-05,4.791495677687193e-05,3.545737777399746e-05
35,earthy-sweep-85,3,99999.99999999999,5.641686935554228,-17.28571319580078,11.644029240796694,gaussian,0.00011801211076090112,0.7063089700908954,0.00011801211076090112,22,0.018055420368909836,0.0001672414073254913,0.72694723456549,0,0.7063089700908954,0.7072530931101607,5.037306978670061,17,8.28270276542753e-06,5.127175882080337e-06,4.5450149627868086e-05,4.1316612623631954e-05,4.5427485019899905e-05,0.22979402346700173,0.2464836488677955,0.22161670583404103,4.35153390664456e-05,4.05689965884817e-05,4.5120916102449415e-05
36,hearty-sweep-84,3,99999.99999999999,6.012119589349855,-17.767480850219727,11.755350167730224,gaussian,0.011345765553414822,0.8318886476982374,0.011345765553414822,15,0.011345765553414822,0.015285808593034744,0.8318886476982374,15,0.8318886476982374,0.8306895142430364,5.807204981635988,10,3.215155084035359e-05,6.334449608402792e-06,2.226788637926802e-05,4.880265987594612e-05,2.9015520340180956e-05,0.44208123686653167,0.20535435280386594,0.3449854966638668,2.261976525677894e-05,4.869394256339386e-05,2.898588560343766e-05
37,gallant-sweep-83,3,99999.99999999999,6.32202279786153,-17.369577407836914,11.047557575266728,gaussian,0.0010431613773107529,0.8868790691860311,0.0010431613773107529,9,0.0010431613773107529,0.007513103540986776,0.8868790691860311,9,0.8868790691860311,0.8842078314858436,6.1693595580079865,4,1.6774092728155665e-05,1.178951333713485e-05,5.574995157076046e-05,2.3920963940327056e-05,3.502410982036963e-05,0.18081809135185622,0.439985126232628,0.2802210591340213,5.530114223537288e-05,2.272752447424371e-05,3.56848381863963e-05
38,tough-sweep-82,3,99999.99999999999,5.388393495005626,-17.307661056518555,11.9192632331031,gaussian,0.00017652542737778276,0.8718232700693274,0.00016369311197195202,20,0.00025183361140079796,0.00020841216610278934,0.8734873279136718,13,0.8724865507406258,0.873166306656977,4.8368204369375025,17,4.8777069423522335e-06,3.783165766435559e-06,3.109061799477786e-05,4.2261843191226944e-05,3.225840555387549e-05,0.33258223914927854,0.24794763093473193,0.3116980452370264,3.0066847096548356e-05,4.0329470653122296e-05,3.2081302208275975e-05
39,legendary-sweep-81,3,99999.99999999999,5.880630030243107,-17.271028518676758,11.390388198923564,gaussian,0.0013574892655014992,0.8224751879677195,0.0013574892655014992,15,0.010522227734327316,0.003050444182008505,0.8388221637370258,0,0.8224751879677195,0.8211260355978122,5.189714780318002,10,4.956589236826403e-06,5.857777523488039e-06,4.6144738007569686e-05,4.9617876356933266e-05,5.484307257574983e-05,0.21956546392066034,0.21144767251641738,0.177903991544909,4.554242911044616e-05,4.729078817995412e-05,5.62069341099337e-05
40,earnest-sweep-80,3,10000.0,4.792850030615873,-13.886080741882324,9.093231375023771,gaussian,0.00012399800471030176,0.867126221427196,0.00012399800471030176,15,0.00017422327073290944,0.00017422327073290944,0.8671891987223975,10,0.867126221427196,0.8671891987223975,4.503219196556191,10,2.793597013805993e-05,1.4566330719389953e-05,0.0003635440662037581,0.00039692557766102254,0.0003640319046098739,0.2763213580755206,0.2667770486656451,0.2888571962676565,0.0003617665461750578,0.00037470438353537193,0.0003460720179032038
41,vital-sweep-79,3,10000.0,4.599263875628096,-13.875171661376951,9.275907979026854,gaussian,0.00021688970446120948,0.6805508636671442,8.616574632469565e-05,17,0.022340815514326096,0.00015987841470632702,0.69706588866582,1,0.6778101947173061,0.6776236854404201,4.406634612258105,16,1.3782560927211307e-05,9.894180948322173e-06,0.00040353124495595694,0.00039246384403668344,0.00042950408533215523,0.24310010406256666,0.24693673269450844,0.2401208922877709,0.0004111840345852549,0.0004047980998990235,0.0004162835257484837
42,rosy-sweep-78,3,10000.0,4.6956949873195315,-13.794961929321287,9.099264274256806,gaussian,0.00010171190660912544,0.8914139544053754,6.419594865292311e-05,17,0.0016076132887974381,0.00012314223567955196,0.8981844834184454,1,0.8921494637729829,0.8932313533018968,4.474320993441459,14,1.2268649697944056e-05,1.4923787603038363e-05,0.00032512005418539047,0.0004277604748494923,0.00031970624695532024,0.30623471571379923,0.22897175574655737,0.31852571513767103,0.00032644031143185047,0.0004365444341843652,0.0003138478636502777
43,soft-sweep-77,3,10000.0,4.620702398478819,-13.83050537109375,9.209797604064306,gaussian,0.00011929194442927836,0.7255168733956787,8.457374497083947e-05,9,0.00011929194442927837,0.00011277516750851646,0.7255168733956787,12,0.7251079486340224,0.7230695740190134,4.556857567203969,7,3.918819493264891e-05,1.827564847189933e-05,0.00046360952546820045,0.0004128055879846215,0.0005431148456409574,0.20150022593259465,0.24902861485651684,0.19016639784517597,0.0004960311901308839,0.00040139909282437913,0.0005255788785225872
44,genial-sweep-76,3,10000.0,4.829808604550625,-13.739123344421388,8.909313488650064,gaussian,4.9055735871661454e-05,0.7854585550547276,4.9055735871661454e-05,13,0.014472686685621738,9.069124644156545e-05,0.7896434987459734,0,0.7854585550547276,0.7855568884190361,4.6517270456309685,8,3.84506129194051e-05,2.728688377828803e-05,0.00025614729383960366,0.0004290070792194456,0.0003253023896832019,0.3840900908699041,0.23154329599385992,0.2949778094046138,0.000260287816829358,0.0004316982262359566,0.0003388936640195771
45,absurd-sweep-75,3,10000.0,4.581131497891148,-13.806500434875488,9.225371233432105,gaussian,9.195772872772068e-05,0.7398352322861688,8.041445107664913e-05,21,0.008723932318389416,8.927154703997076e-05,0.7601906614864608,0,0.7407931642358797,0.7401801987826168,4.401155997618292,19,1.195924141939031e-05,9.113357918977272e-06,0.0003848224878311157,0.0004148368025198579,0.00038368618697859347,0.2568648440828305,0.24433005234325922,0.25669467630200415,0.00038915829267199614,0.00040911499646355883,0.0003894161726405679
46,graceful-sweep-74,3,10000.0,4.490850142062671,-13.803711891174316,9.312861110785638,gaussian,0.00016305447206832469,0.7071119017899858,0.00013850211689714342,16,0.004842847120016813,0.00015043608436826617,0.7072633221500626,0,0.7067954110218821,0.7067343978655615,4.46781908032946,12,2.6109819373232313e-05,1.249660908797523e-05,0.0004023697110824287,0.00027782065444625914,0.0003708407748490572,0.23688570741643744,0.3733084739105017,0.27526829406656717,0.0004219663754838911,0.00026780324225841737,0.000363150014561321
47,spring-sweep-73,3,10000.0,4.5028136701185275,-13.791299819946287,9.28848718488229,gaussian,0.00014180055586621165,0.8849850630875388,0.00011732832354027778,15,0.00014180055586621165,0.00014967378228902817,0.8849850630875388,18,0.8845613401491669,0.8841678944191255,4.410560102543454,13,8.660303137730807e-06,9.462350135436282e-06,0.00022722763242200017,0.0003108942764811218,0.00027367656002752483,0.4208984584437445,0.32634476951722036,0.3817356096669897,0.00023753056096608582,0.0003063305322609094,0.00026189280797360155
48,earthy-sweep-72,3,10000.0,4.840029684999206,-13.798718452453612,8.958689553282053,gaussian,0.00010431989358039571,0.8089492840909649,9.313647024100646e-05,17,0.00010431989358039573,0.00014924685820005834,0.8089492840909649,18,0.8074275626402094,0.8075087445377119,4.454945949913477,13,1.2431783943611663e-05,1.2042333764838986e-05,0.00036196006112731993,0.0002983124286402017,0.0003515402786433697,0.27541110137150326,0.3393869211695488,0.2957424221690985,0.00036296178085818223,0.0002945621576686818,0.00033801778415281394
49,visionary-sweep-71,3,10000.0,4.627873673154078,-13.864386558532717,9.236512859947318,gaussian,0.00010799630399560556,0.849251681763244,0.00010799630399560556,9,0.00010799630399560556,0.0003003139572683722,0.849251681763244,9,0.849251681763244,0.8466303984292193,4.625406458033804,4,2.396415402472485e-05,2.0884774130536243e-05,0.00033006074954755604,0.00037522081402130425,0.0002971396315842867,0.3059757777240435,0.2650389977521286,0.35518241349842583,0.00032671647767619017,0.0003771606623235687,0.0002814662257422519
50,polished-sweep-70,3,10000.0,4.821158958376211,-13.843019485473633,9.02186009476506,gaussian,0.0001227585453307256,0.8519078204211334,0.0001227585453307256,19,0.00018190001719631255,0.0001503814128227532,0.8519569997867626,17,0.8519078204211334,0.8500624080845832,4.494036121905914,14,2.2845519197289832e-05,1.352875551674515e-05,0.0004203060525469482,0.000410908687626943,0.00031350215431302786,0.2424156362475296,0.26689558822292625,0.3138509931943645,0.000412344546303532,0.00037453802388864063,0.00031852104999741414
51,vital-sweep-69,3,10000.0,4.643281350398991,-13.82786750793457,9.18458327362445,gaussian,0.0001667550386628136,0.8232985715694471,0.0001667550386628136,11,0.0001667550386628136,0.0004518546920735389,0.8232985715694471,11,0.8232985715694471,0.8221744059349502,4.524326387010055,6,2.1574684069491923e-05,1.6225074432441033e-05,0.0005751798744313419,0.0003916534478776157,0.000337490055244416,0.1811227966128124,0.2763631564683955,0.29566275313641555,0.0005518069573424188,0.00036171185078483225,0.00033810883534031986
52,comic-sweep-68,3,10000.0,4.674278505301463,-13.777583122253418,9.103303943022098,gaussian,0.0001154549900093116,0.8429719301534392,7.581297541037202e-05,15,0.00019826761854346842,0.00011699867172865197,0.8474191459107945,8,0.8441593720038728,0.8446401977442947,4.58560662892871,12,2.9979259124957025e-05,2.1126956198713742e-05,0.00030014527146704495,0.00045098073314875364,0.00032282137544825673,0.3130512984211151,0.21667767859787634,0.3046904293579509,0.00031933445751045053,0.00046130210751772315,0.00032809429157815964
53,tough-sweep-67,3,10000.0,4.471761782786,-13.860066413879396,9.388304491221158,gaussian,0.00016224988212343305,0.9706482669674694,0.00016057840548455715,13,0.00016224988212343305,0.00032534345518797636,0.9706482669674694,14,0.9699435106208096,0.9682530856548701,4.406787168565506,9,1.3288256923260633e-05,8.448129847238306e-06,0.0004710488428827375,0.0005940933478996158,0.0004491710278671235,0.20589948817278358,0.1701270124955876,0.22152282838305837,0.00048543809932248116,0.0005874508312985406,0.00045121705525370126
54,deep-sweep-66,3,10000.0,4.868717776464926,-13.835596084594728,8.966876115950443,gaussian,0.00014889526937622577,0.8381185295446851,0.00012981033069081604,8,0.0030013821087777615,0.0003210093127563596,0.848836556255908,1,0.8402783846067083,0.8454303734980456,4.607862486299296,4,3.211854709661566e-05,2.140818105544895e-05,0.00046898997970856726,0.0005423721158877015,0.00031187539570964873,0.20790950083668136,0.18980740394181428,0.3209627121651124,0.0004807472716283041,0.0005265724133148542,0.00031146563026781247
55,fiery-sweep-65,3,10000.0,4.529496028997301,-13.81389045715332,9.284397787632749,gaussian,6.114069401519373e-05,0.7011879379131093,6.114069401519373e-05,16,0.01649625226855278,7.018661563051865e-05,0.7265341298900349,0,0.7011879379131093,0.7016945298747134,4.52071392821755,11,2.8579052013810724e-05,1.8142402041121386e-05,0.00041072003659792244,0.0003604603698477149,0.00039767305133864284,0.2508951078771702,0.26571819839068667,0.24491588046962054,0.00039841413980441857,0.0003761969669699772,0.0004081368105950135
56,rare-sweep-64,3,10000.0,5.2314219048916195,-13.84480094909668,8.61338444073013,gaussian,0.00021458785340655595,0.8472619986635541,0.0001853809371823445,15,0.00035275585833005607,0.0005081405397504568,0.8490849390288099,13,0.8475660620730141,0.8476820617617787,4.565164195365616,11,2.2196341888047755e-05,1.7137141185230576e-05,0.0002102017606375739,0.0004172787012066692,0.0002948001492768526,0.47452990507901305,0.2434398030587568,0.36076754907208297,0.00021069047468332764,0.00041061049875232855,0.00027710998192310467
57,driven-sweep-63,3,10000.0,4.608483811754423,-13.831148147583008,9.22266680775241,gaussian,0.0001434049627278,0.8936806268996542,0.00010917313920799643,12,0.0001434049627278,0.0001421334018232301,0.8936806268996542,13,0.8929721524403487,0.8914105541959098,4.392209399980081,8,1.3884289728594013e-05,8.0359905041405e-06,0.0004297936102375388,0.00019352846720721573,0.0002829855075106025,0.2391585643060843,0.485957362190792,0.35448942001224637,0.0004179578703484556,0.0002057370338950797,0.0002820163105727924
58,elated-sweep-62,3,10000.0,4.7516182245863,-13.758148193359377,9.006536138410112,gaussian,9.139156463788822e-05,0.8678236931594331,9.139156463788822e-05,12,0.0002379048673901707,0.0001554352493258193,0.8684183194666372,5,0.8678236931594331,0.8683567386392166,4.484332352318901,7,2.5350042051286437e-05,1.4008322068548296e-05,0.000302397005725652,0.0004168336745351553,0.00031530766864307225,0.33558163749832204,0.2389261578341726,0.32392130884347026,0.0002979013113295477,0.00041836425312653965,0.0003086216778672062
59,golden-sweep-61,3,10000.0,4.794705772591972,-13.81625747680664,9.021551790681135,gaussian,6.04101805947721e-05,0.8205447132824673,6.04101805947721e-05,16,0.009424299001693726,0.0001392542471876368,0.8386372382836682,0,0.8205447132824673,0.8213047068509726,4.558704976226618,11,3.907536301994696e-05,2.0144598238402978e-05,0.00036812719190493226,0.0004052233707625419,0.000457866583019495,0.2533416211577766,0.24504123235405828,0.21633222272136354,0.00039456818317046033,0.00040792811164288217,0.0004620384097276529
60,wild-sweep-60,3,1000.0,4.4020460833030315,-10.34547233581543,5.943423190582057,gaussian,5.219173544901423e-05,0.8687337821615927,5.219173544901423e-05,13,5.225562927080318e-05,0.0001236934622284025,0.8689936834686931,12,0.8687337821615927,0.8671543670090788,4.341667385918968,8,6.786923768231645e-05,4.9430294893682e-05,0.003286986378952861,0.003472808515653014,0.003190492046996951,0.31662918082298575,0.29835492597705127,0.3313802383925726,0.0031483253440662256,0.0033405162675581314,0.003008602451325356
61,dry-sweep-59,3,1000.0,4.558955037763647,-10.331225395202637,5.772271105119653,gaussian,5.215517739998177e-05,0.6792878783985001,5.215517739998177e-05,10,0.004885896574705839,0.00013676134403795004,0.6867783242110854,0,0.6792878783985001,0.6730851256621001,4.350955636715736,5,0.00016170466551557183,5.181914457352832e-05,0.003716275794431567,0.003860432654619217,0.00377390393987298,0.2545149893660579,0.2578994452010761,0.25436213526069196,0.003913664722688234,0.0038625034488712125,0.00391600735551153
62,glamorous-sweep-58,3,1000.0,4.5657625661743,-10.371771812438965,5.806009991402195,gaussian,6.844520248705521e-05,0.8908560298049438,6.372356438077986e-05,5,0.00010014184226747602,8.768685802351683e-05,0.8939873356304482,9,0.8934682491496292,0.8930500400553133,4.373413871005035,7,0.00010051665594801307,8.251029066741467e-05,0.003263794584199786,0.003380682086572051,0.003111764555796981,0.31887478916372913,0.2965614500213043,0.3170913213282667,0.0031262232407073074,0.0033606503797061205,0.00314375128445586
63,charmed-sweep-57,3,1000.0,4.383005017214953,-10.349723815917969,5.9667223183970215,gaussian,5.253918789094314e-05,0.7506005634630193,4.7397930757142603e-05,10,9.268696885555983e-05,6.19653073954396e-05,0.751048567005728,11,0.7496460103230035,0.7494906815312072,4.336886997654563,8,6.834606028860435e-05,5.848314322065562e-05,0.0040460568852722645,0.0034113775473088026,0.004015474114567041,0.24124365464669584,0.3074261438676764,0.24681098569140492,0.004128075104623344,0.00324226729764202,0.004035333612067078
64,fragrant-sweep-56,3,1000.0,4.421701106834526,-10.35079288482666,5.929091897519314,gaussian,7.571760943392292e-05,0.7868537913705235,4.310607982915826e-05,7,4.310607982915826e-05,5.641905590891838e-05,0.7872050574402798,7,0.7872050574402798,0.7871991304343742,4.322816782909574,4,7.512793672503904e-05,4.014555088360794e-05,0.0024454286321997643,0.003926335833966732,0.003234423929825425,0.42162003130948733,0.2629097199709953,0.30795428572288586,0.002366191675537721,0.0037891745711749604,0.0032367248043192456
65,gentle-sweep-55,3,1000.0,4.361365347409313,-10.373146057128906,6.011782675560251,gaussian,8.039283420657739e-05,0.766582520184616,4.4135093048680574e-05,9,8.039283420657739e-05,0.00014654222468379885,0.766582520184616,10,0.7648256231032645,0.7636683089533741,4.294471725531904,5,3.602557262638584e-05,1.7705122445477173e-05,0.003577436786144972,0.0043171728029847145,0.00372946891002357,0.2707401577987554,0.22729160095428824,0.2643892294293124,0.003679986087078736,0.004380362640674784,0.003768050429741929
66,iconic-sweep-54,3,1000.0,4.416946770204377,-10.43524169921875,6.018296472695199,gaussian,6.16149918641895e-05,0.7055475404885885,5.972194776404649e-05,8,0.004230748862028122,0.00012518088624347,0.7090184211585823,0,0.7038641863636855,0.703887391627622,4.318498637596115,4,3.366218879818916e-05,2.778543966996949e-05,0.004127403721213341,0.0024401016999036074,0.003464078065007925,0.2427000899175349,0.4120082964499403,0.2992629843178385,0.004103404312810831,0.002421258867184058,0.0033304138446231734
67,crimson-sweep-53,3,1000.0,4.35101720231338,-10.328614234924316,5.977596043332779,gaussian,2.104854502249509e-05,0.8719280650415538,2.104854502249509e-05,16,0.01169575285166502,7.128016295609996e-05,0.8735922301460273,0,0.8719280650415538,0.871451314616885,4.317650518703172,11,3.738712621270679e-05,3.9714133890811354e-05,0.0021623021457344294,0.002606983995065093,0.0025278960820287466,0.46602213049812136,0.3846966629935231,0.3978988754903554,0.0021412261533161384,0.0025927110497629396,0.0025069010254058187
68,fresh-sweep-52,3,1000.0,4.448520175412327,-10.359952926635742,5.911433275108505,gaussian,8.427778811892495e-05,0.8162073415042255,5.5288950534304604e-05,10,8.427778811892495e-05,6.554667197633535e-05,0.8162073415042255,13,0.8134124536164468,0.8140824538893344,4.307651144251724,8,6.56617121421732e-05,3.4959834010805935e-05,0.0032187942415475845,0.0026983129791915417,0.0031190309673547745,0.30489728033558094,0.36956091792328394,0.3337318024631628,0.0032690712349680326,0.0026986116226294186,0.0029874663615509015
69,effortless-sweep-51,3,1000.0,4.386622836206312,-10.360750198364258,5.974123107498927,gaussian,4.6593348088208586e-05,0.8589471637213694,4.6364148147404194e-05,7,4.6593348088208586e-05,6.238460628082976e-05,0.8589471637213694,10,0.857255068192842,0.8566602409594553,4.307396356912363,5,4.1266524931415915e-05,3.3666077797533944e-05,0.0026702021714299917,0.0031223194673657417,0.0024863455910235643,0.37110038547793067,0.3174669452978698,0.41248269091374823,0.002687446826252509,0.0031400433067384,0.0024184809230831826
70,giddy-sweep-50,3,1000.0,4.368007519359443,-10.321105003356934,5.953100192432549,gaussian,9.833494550548494e-05,0.8358958022944664,8.01410642452538e-05,7,9.833494550548494e-05,0.00015161927149165422,0.8358958022944664,8,0.8350811096032943,0.8330941904593226,4.3502869183864,3,5.728150063077919e-05,4.2323372326791286e-05,0.003634784137830138,0.004000631161034107,0.002735511865466833,0.2593712445823293,0.24286758164180355,0.338149937376798,0.003840669892730034,0.004100586036354825,0.0029485483846308155
71,autumn-sweep-49,3,1000.0,4.383227276136311,-10.385272979736328,6.002043196072348,gaussian,5.854066330357455e-05,0.8260579481514252,5.854066330357455e-05,13,0.00019357586279511452,0.00012407398025970906,0.8272535810519451,5,0.8260579481514252,0.826604973530417,4.3617274281868,8,9.732534817885607e-05,6.343135464703664e-05,0.004186610225588083,0.003200518200173974,0.002965207677334547,0.24154329712386957,0.3251099211155548,0.3466326741905199,0.004122975204255135,0.003066450712628448,0.0028765995668518507
72,lemon-sweep-48,3,1000.0,4.350914315053509,-10.415950775146484,6.065038260630086,gaussian,5.486265945364721e-05,0.839692834421618,5.486265945364721e-05,10,0.005134873557835817,7.490380812669173e-05,0.8460563255562616,0,0.839692834421618,0.8404043319701738,4.3346588315283405,5,0.00010735620890045539,5.317369141266681e-05,0.0031113503500819206,0.004063519183546305,0.0027549753431230783,0.31321433144684363,0.23382018188598952,0.3657064590953638,0.003182541023496162,0.004258577742204128,0.002726976782647685
73,fancy-sweep-47,3,1000.0,4.3410912054044815,-10.341174125671388,6.000083324624819,gaussian,2.5490760890534148e-05,0.973064131451418,2.5490760890534148e-05,23,6.702518294332549e-05,5.0000191549770534e-05,0.9734979805071348,19,0.9730641314514181,0.973323312013213,4.309552821189687,18,5.2503892220556736e-05,3.392982398509048e-05,0.003528962843120098,0.004178001545369625,0.0035400530323386192,0.27983694741667264,0.25449815031437595,0.2932725080771128,0.003560785036294809,0.003913922659594823,0.0033982107487185126
74,cosmic-sweep-46,3,1000.0,4.37774070899157,-10.394280433654783,6.016541286145963,gaussian,7.699902926106006e-05,0.8347693283986423,7.699902926106006e-05,11,0.0001394561113556847,8.621692541055381e-05,0.8443844928770263,3,0.8347693283986423,0.8382758416895443,4.3497862996578105,6,7.442483911290765e-05,6.344835128402337e-05,0.003603271907195449,0.003940751776099205,0.002716904040426016,0.274128666807659,0.2495709116233371,0.3529897244141331,0.0036346630527566755,0.003990886226663128,0.0028249407568398752
75,rare-sweep-45,3,1000.0,4.40759584796889,-10.326238632202148,5.918642552808287,gaussian,4.902585351374e-05,0.6889695958350032,2.2643407646683045e-05,15,0.007036042399704456,5.0069491408066824e-05,0.7231394008895039,0,0.692679296742223,0.6899867765574011,4.311573944540545,19,4.0236333006760105e-05,3.78234799427446e-05,0.003217395395040512,0.003182059619575739,0.0032636169344186783,0.2994732038933421,0.30174104908907395,0.3008254437853317,0.003328083792639847,0.003303152985064061,0.003313173294665089
76,still-sweep-44,3,1000.0,4.555229163676316,-10.412548065185549,5.857317612141555,gaussian,3.832149377558381e-05,0.8517025673857395,2.492396015441045e-05,24,2.492396015441045e-05,3.751595795620233e-05,0.8544010112701562,24,0.8544010112701562,0.8523449639029197,4.306792486855878,21,3.994737198809162e-05,3.5497407225193456e-05,0.002011203905567527,0.0027354189660400152,0.0024058823473751545,0.48127412673497716,0.3643512671243485,0.39669371601363324,0.0020735095344426957,0.0027370919166940966,0.002514497865401824
77,smooth-sweep-43,3,1000.0,4.392242145370191,-10.405963897705078,6.013722187210377,gaussian,2.419122029095888e-05,0.8994108206485536,2.419122029095888e-05,15,8.484617865178734e-05,6.378428224707022e-05,0.8995071791299758,13,0.8994108206485536,0.8974225446044343,4.336791815490659,10,6.0958896938245744e-05,5.806156332255341e-05,0.0032229542266577482,0.0016480188351124525,0.0021595056168735027,0.3225261186236459,0.567370032485659,0.45879016311027954,0.003090940552973679,0.0017594171804355852,0.0021749051637717453
78,whole-sweep-42,3,1000.0,4.342694156557761,-10.33232879638672,5.989633592058775,gaussian,3.261629899498075e-05,0.8669704257766624,3.261629899498075e-05,17,4.418977187015116e-05,5.2124658395769075e-05,0.8680707042722153,16,0.8669704257766624,0.8662480714407246,4.332974202440984,12,5.320854324963875e-05,5.202334068599157e-05,0.0025785653851926327,0.0031570205464959145,0.0027011441998183727,0.4058594761790033,0.3386696977694079,0.3738677697195989,0.0024578510727867047,0.0029440365348070334,0.002667607302564315
79,decent-sweep-41,3,1000.0,4.359044492205206,-10.391803741455078,6.0327567722397815,gaussian,7.738208660157397e-05,0.8132170198322062,5.007902655052021e-05,13,0.002687749220058322,6.627845868933946e-05,0.8378325063711741,0,0.8145508757437989,0.8155593019073293,4.3179997737095475,10,5.003687329008244e-05,4.7442386858165264e-05,0.0035411622375249863,0.0034822479356080294,0.0036725979298353195,0.2803599062786475,0.2991047324110383,0.27018733831539876,0.0035541666658420066,0.003332170045990313,0.0036874877942751553
80,winter-sweep-40,3,100.0,4.283939331835494,-6.919194221496582,2.6352532150089876,gaussian,9.016958938445896e-05,0.8835171898044923,3.934415144613013e-05,12,3.934415144613013e-05,7.111008744686842e-05,0.8836453932612893,12,0.8836453932612893,0.8810633810594419,4.2803402562107085,9,0.00040769795305095613,0.00035013194428756833,0.0236365906894207,0.025490084663033485,0.02532629668712616,0.39880046286186044,0.3801185763970807,0.3903470682929857,0.024461811833562292,0.025633232060760774,0.024978327036684348
81,daily-sweep-39,3,100.0,4.286673106464654,-6.867020130157471,2.5803458907277244,gaussian,0.00014930088946130127,0.7167787047630826,6.508541264338419e-05,8,0.00014930088946130127,6.508541264338419e-05,0.7167787047630826,13,0.7072431838728268,0.7072431838728268,4.277119004719526,8,0.00036612272378988564,0.00020043460244778544,0.03027118183672428,0.029053110629320145,0.02973686158657074,0.3204674569201984,0.34609708827389696,0.33455974801799826,0.03026016568528504,0.028082229058577313,0.029022542701295583
82,spring-sweep-38,3,100.0,4.289688972783969,-6.962610721588135,2.6729230801335104,gaussian,2.6164372684434056e-05,0.8761126049583985,2.6164372684434056e-05,20,0.0006742181722074747,6.465657497756183e-05,0.8785895736656095,0,0.8761126049583985,0.876300355028525,4.278278198179436,15,0.00025590474251657724,0.00025764285237528384,0.025265708565711975,0.02527610957622528,0.021501965820789337,0.3721551394860967,0.3931529609716655,0.46509860915123014,0.026167383260755055,0.024804481097939455,0.021048261997367517
83,stellar-sweep-37,3,100.0,4.293876602431918,-6.90767240524292,2.613797201533331,gaussian,3.256511627114378e-05,0.7633925392219406,3.256511627114378e-05,12,8.44853711896576e-05,5.144882379681803e-05,0.7670356383091216,6,0.7633925392219406,0.7645643005459809,4.271917841489461,7,0.00024940865114331245,0.00021414810908026993,0.030656669288873672,0.026522990316152573,0.033921897411346436,0.30722610137695483,0.38455212724608145,0.29982506112133933,0.03152325724962069,0.025345193472402744,0.03227627863222988
84,amber-sweep-36,3,100.0,4.276573360776848,-6.87601900100708,2.599448309246753,gaussian,4.154999987804331e-05,0.7653870304001326,2.685260733414907e-05,14,0.00040747071034274995,4.375712160253897e-05,0.7802581326180676,0,0.7643970671551159,0.7647868066051701,4.267281813225078,16,0.00029038722277618945,0.00027684067026712,0.02095368504524231,0.02499033324420452,0.02322499267756939,0.48121119396961376,0.39504220060280204,0.44362699196085487,0.0203578422535269,0.02468878547745778,0.022044543594669817
85,leafy-sweep-35,3,100.0,4.277928017741156,-6.88981819152832,2.6118915903114144,gaussian,3.8292884710244834e-05,0.7705907373205174,2.3724238417344168e-05,15,3.8292884710244834e-05,5.004755803383887e-05,0.7705907373205174,16,0.7688525424261232,0.7647299266392426,4.267805340023345,11,0.00023951816547196358,0.00020709613454528153,0.025430528447031975,0.028343994170427322,0.026973912492394447,0.39636297222162753,0.3487907751913468,0.36055277569966293,0.024608541337634644,0.02787139662291177,0.026986709197140406
86,dry-sweep-34,3,100.0,4.302810833550761,-6.864149570465088,2.561339613023134,gaussian,0.00018342144903726876,0.7001827750980869,2.6053110559587367e-05,8,0.00038192590000107884,4.39901341451332e-05,0.7073559204657406,0,0.7015581027511751,0.7044248473951414,4.28552200895771,5,0.0003492652322165668,0.0002971184439957142,0.029505213722586632,0.01796940714120865,0.02509269118309021,0.3451663071649733,0.5245382621119212,0.3882004806009718,0.02815582390070306,0.01870773471012297,0.025112978228724908
87,gallant-sweep-33,3,100.0,4.2885933732231285,-6.899171829223633,2.610577616767105,gaussian,4.317760613048449e-05,0.857859946077988,3.769683826249093e-05,9,0.00011134719534311444,0.00015096919378265738,0.8621044371116561,2,0.8566795863397191,0.8575016955853868,4.276015940085593,5,0.00027771005989052355,0.00023973196221049875,0.02008942887187004,0.023388275876641273,0.022813627496361732,0.5148399949000613,0.42381849116157255,0.422312086262,0.019053425991104538,0.023051115163912117,0.02313143749106187
88,graceful-sweep-32,3,100.0,4.3052333287984945,-6.977045059204102,2.671810101529874,gaussian,0.0001107330317609012,0.8080895263812091,3.6879540857626125e-05,6,3.6879540857626125e-05,7.947286212584004e-05,0.8117153889805798,6,0.8117153889805798,0.8048024577742552,4.288527770377029,2,0.0004220751579850912,0.00042435884824953973,0.03274070844054222,0.02418469451367855,0.027719534933567047,0.30342840509662494,0.39894682341037324,0.3495453422722363,0.031905212920689686,0.024453057042003526,0.02781290375450982
89,olive-sweep-31,3,100.0,4.299492103045632,-6.931401252746582,2.631905952984638,gaussian,0.0001312678650720045,0.8607471984563911,4.4248899939702824e-05,7,0.0001312678650720045,4.4248899939702824e-05,0.8607471984563911,12,0.8577841210605842,0.8577841210605842,4.278036163619049,7,0.00037515073199756444,0.0003547563683241606,0.021243441849946976,0.02404613420367241,0.020013563334941864,0.4515807033751571,0.4050527363208545,0.4869128345248761,0.02166468382858791,0.024093323871667117,0.020124253803107166
90,youthful-sweep-30,3,100.0,4.3062745047782345,-6.961693286895752,2.655421446047771,gaussian,5.518245598068461e-05,0.8755737756675162,3.477032805676572e-05,14,5.518245598068461e-05,4.36833688581828e-05,0.8755737756675162,15,0.8725837895085418,0.8707648200011319,4.274721733247895,10,0.0003400979330763221,0.00026718125445768237,0.03050270862877369,0.023853376507759094,0.02175385318696499,0.32462322538762933,0.4040280121068385,0.43168010069217644,0.029884357215240954,0.024152955132464647,0.02264082077577993
91,polished-sweep-29,3,100.0,4.284797007179177,-6.888733863830566,2.603935539309265,gaussian,0.0001383094786433503,0.8209168379035588,4.545561387203634e-05,9,9.416389366379008e-05,0.00023934809723868966,0.8225853905908331,5,0.8218883687704114,0.8210011150342598,4.277664512218938,6,0.00025374593678861856,0.00021951166854705662,0.03408452495932579,0.02673429623246193,0.022924989461898804,0.3024294036097217,0.38735199034307755,0.4341991969906758,0.03200723070384159,0.025166603522901454,0.02251242250717061
92,generous-sweep-28,3,100.0,4.318335138898294,-6.918109893798828,2.5997763812331343,gaussian,6.230608414625749e-05,0.8339461212430703,5.3929645218886435e-05,7,0.00034237606450915337,7.646433368790895e-05,0.8571634360659881,1,0.8429698840820644,0.8370362692686695,4.270281451314734,10,0.0002375328476773575,0.00020345566736068577,0.024552911520004272,0.025728467851877213,0.0231027789413929,0.3806799331356139,0.3720963815777054,0.41903742275104605,0.025596400408230777,0.026171407221155116,0.023307990095313005
93,leafy-sweep-27,3,100.0,4.289364950756729,-6.939362049102783,2.6499975917135665,gaussian,0.00017988459148909897,0.9668254505837393,7.035446469672024e-05,9,0.00014744186773896217,7.035446469672024e-05,0.9680875715466231,10,0.9677246426717317,0.9677246426717317,4.271687031545485,9,0.00029308805824257433,0.00026464779512025416,0.032695941627025604,0.037707727402448654,0.028625622391700745,0.30007309051299913,0.2640557006742519,0.3489891292875349,0.032250460636411696,0.036488932634487325,0.027855996697856635
94,desert-sweep-26,3,100.0,4.3151367279315,-6.914064407348633,2.598925610579649,gaussian,0.00013420741015579551,0.8122432352723983,5.765851165051572e-05,6,0.0002816270280163735,0.00011555035598576069,0.8323757879236001,1,0.8268809572827222,0.817902787348934,4.276893727489522,11,0.0003420273424126208,0.0002249800891149789,0.02503225952386856,0.027273060753941536,0.026243507862091064,0.3933438867126462,0.3558765103803161,0.36848358080555954,0.024792739717719555,0.027331626153330648,0.02642122540353304
95,worthy-sweep-25,3,100.0,4.304848596336359,-6.932091236114502,2.627246690986639,gaussian,9.178606705972923e-05,0.6894279056473057,3.731441393028945e-05,14,0.0003829930501524359,8.618481660960242e-05,0.7158505014532739,0,0.691645389169865,0.6906388719598895,4.2727372652857865,17,0.000244992901571095,0.00018663051014300436,0.02940831519663334,0.028454216197133064,0.027566110715270042,0.34854616686246587,0.3509714634120087,0.364499080835742,0.027890411121968245,0.027703020913279548,0.026702335230526432
96,upbeat-sweep-24,3,100.0,4.315270327822691,-6.8557000160217285,2.5404296106335287,gaussian,0.00010078477498609573,0.8488544010692043,5.807018169434741e-05,9,5.807018169434741e-05,9.005785250337794e-05,0.8490200896129201,9,0.8490200896129201,0.846268291493946,4.2839528486721985,6,0.00032370007829740644,0.0003183596709277481,0.01658087968826294,0.020903564989566803,0.01881425268948078,0.582369048402942,0.4765879725855626,0.5384962848398231,0.01688136817235898,0.0205512683489964,0.018231664053878306
97,decent-sweep-23,3,100.0,4.293078653566607,-6.925665378570557,2.6325846612527304,gaussian,5.6572913308627903e-05,0.8914474654366027,2.9198647098382935e-05,7,8.087921014521271e-05,6.223614764166996e-05,0.893489151695415,9,0.889944820930535,0.891244238642842,4.2714694704901675,11,0.000248459167778492,0.00023755041183903813,0.02599293738603592,0.0173381045460701,0.018237510696053505,0.3887654672353733,0.5995875336412269,0.5435731137440634,0.025077397171148347,0.01640453494884872,0.018064461137509934
98,lively-sweep-22,3,100.0,4.310864600351739,-6.8622331619262695,2.5513663795676953,gaussian,9.759426029631868e-05,0.8485980314500383,2.8787930204998702e-05,6,0.0002231435792054981,0.00010803953773574904,0.8571205331334761,3,0.8562167078783885,0.8534821543144429,4.279484572493708,7,0.0002771755389403552,0.0002405152190476656,0.0215923972427845,0.024174369871616364,0.02243458479642868,0.46530431713819453,0.399462084510688,0.45556201318051137,0.021039152474376755,0.024422285672555295,0.02147941566728023
99,woven-sweep-21,3,100.0,4.311752464297493,-6.946376800537109,2.6346247469553536,gaussian,9.387366299051791e-05,0.7742557679369673,2.435493479424622e-05,10,0.0004938424681313336,4.5985223550815135e-05,0.827603943986055,0,0.7749348970316606,0.7751839619573941,4.275412190592408,7,0.0002770017890725285,0.00025866401847451925,0.029968617483973503,0.02798362448811531,0.03279966115951538,0.3339471142977004,0.36217130444129353,0.3124893468641723,0.029074237242602906,0.026869347208302582,0.03100877625024882
100,flowing-sweep-20,3,10.0,4.266021994881729,-3.4535224437713623,-0.8124997157781316,gaussian,0.00034527620300650597,0.8242588962129135,8.621724555268884e-05,7,0.00034527620300650597,0.0004152151814196259,0.8242588962129135,11,0.816536357019881,0.8135456208366826,4.262500316022045,6,0.009386030957102776,0.009263132698833942,0.2134842723608017,0.2066555917263031,0.2010033130645752,0.43510403157984356,0.4274140045645858,0.45034171744774554,0.18687954883232621,0.18960436987742949,0.18170528751437948
101,genial-sweep-19,3,10.0,4.268817386827228,-3.4303243160247803,-0.8384939653489614,gaussian,0.00019655736105050892,0.6935907430819045,0.00019655736105050892,9,0.00024612966808490455,0.0003922459145542234,0.6946728486840428,8,0.6935907430819045,0.6839346222029707,4.268206420247786,4,0.010351433418691158,0.010178166441619396,0.24319201707839966,0.20707188546657562,0.2119302749633789,0.3721504852251769,0.45786811201640276,0.42832516417981026,0.21179688071761324,0.17925383768316147,0.18927737457904995
102,unique-sweep-18,3,10.0,4.265356476780963,-3.4531373977661133,-0.8122197472226529,gaussian,3.864590325974859e-05,0.7811316688585982,3.864590325974859e-05,11,0.0003144238726235926,0.0006981433252803981,0.7990557799958671,0,0.7811316688585982,0.787858622930131,4.263174345603028,6,0.009754909202456474,0.009763920679688454,0.16552819311618805,0.14330264925956726,0.1316719502210617,0.5433090366068569,0.6279869386961678,0.6814863848407562,0.15544628523711013,0.1373651018782027,0.12796128242256843
103,confused-sweep-17,3,10.0,4.266845067438892,-3.431818723678589,-0.8350261167858166,gaussian,0.00016349379438906908,0.7205332793789789,0.00010009574907599017,7,0.00016349379438906908,0.00026859124773181975,0.7205332793789789,8,0.7173653881110532,0.7147613784601838,4.264920758018748,3,0.010782241821289062,0.010572666302323341,0.25422221422195435,0.1792917549610138,0.2410992980003357,0.3629458747220724,0.49529319412033956,0.3730415061500061,0.21600797298395752,0.16798445033084794,0.21139794013823604
104,fluent-sweep-16,3,10.0,4.268968126671955,-3.4040462970733643,-0.8649199108058662,gaussian,0.0002144881873391569,0.7775916601601057,6.367397145368159e-05,7,0.0001560293894726783,0.00021841938723810017,0.7801512597688683,11,0.7753412716563227,0.779107264522764,4.262551863230415,8,0.011695337481796741,0.011289425194263458,0.14079061150550842,0.18979623913764954,0.16922393441200256,0.6367299567727969,0.46001750366316685,0.5200774117821858,0.13573494477955564,0.17856584722063776,0.16127018675391927
105,stellar-sweep-15,3,10.0,4.2703798463534035,-3.4336514472961426,-0.8367280226737992,gaussian,0.0003962412010878325,0.6529436184319092,0.00011367288971086964,3,0.00011367288971086964,0.0004415454750414938,0.6594072382774369,3,0.6594072382774369,0.657052082691218,4.266866935172545,1,0.012306208722293377,0.01200865302234888,0.2292155623435974,0.18391497433185577,0.21358121931552887,0.3798735768700823,0.4912124590787812,0.42207932458495634,0.2083882189393256,0.16914393204063827,0.191541774000528
106,apricot-sweep-14,3,10.0,4.271943563009359,-3.4383859634399414,-0.8335577121029887,gaussian,0.00013076145842205733,0.6713087183353608,0.00013076145842205733,7,0.0003646494587883353,0.000785778509452939,0.6754729740751287,5,0.6713087183353608,0.6691541592892876,4.26725524443608,2,0.010493190959095955,0.010567359626293182,0.19814066588878632,0.1405787467956543,0.17838644981384277,0.4638394980638374,0.633992303134935,0.50368710240582,0.17735543597670783,0.13624121066786757,0.1656487269671308
107,robust-sweep-13,3,10.0,4.270203719522329,-3.428218126296997,-0.8419852607108875,gaussian,0.00026378218899481,0.803392456621022,0.00011967547470703721,8,0.00026378218899481,0.00029236444970592856,0.803392456621022,10,0.7963290129975517,0.7972536965616143,4.261346403853655,6,0.011131884530186653,0.010950610972940922,0.15872173011302948,0.1841907501220703,0.1739903837442398,0.5437557643447555,0.5079281345355788,0.5025887814086083,0.1553384148750647,0.16449312726148804,0.16595065007058468
108,absurd-sweep-12,3,10.0,4.27099810873745,-3.461158514022827,-0.8098392507560837,gaussian,0.0008279393659904599,0.8701020304210071,8.051840268308297e-05,8,0.0008279393659904599,8.051840268308297e-05,0.8701020304210071,13,0.8629098159751113,0.8629098159751113,4.2625185937870045,8,0.013453330844640732,0.013371212407946587,0.2379807084798813,0.18548277020454407,0.2155580371618271,0.36251079038999023,0.48833980518495324,0.4220201568046491,0.21621117188569752,0.16996980166685055,0.19156348408481494
109,toasty-sweep-11,3,10.0,4.2667517439000235,-3.4544918537139893,-0.8122597541284992,gaussian,0.00014401657972484827,0.812818440067998,6.0139656852697954e-05,6,6.0139656852697954e-05,0.00023057826911099255,0.8146518097070505,6,0.8146518097070505,0.8099031721986469,4.264266238235035,2,0.01195220835506916,0.012050168588757515,0.16721373796463013,0.17609529197216034,0.17894411087036133,0.5391774329455643,0.4987805760267747,0.5090458794166466,0.1564510804756721,0.16700608537363185,0.16419124302389423
110,ancient-sweep-10,3,10.0,4.26702919353929,-3.481384754180908,-0.7856450573393409,gaussian,0.00025006072246469557,0.7997068956757228,6.458505231421441e-05,6,0.00042436568764969707,9.888394561130553e-05,0.8035456529273165,13,0.7955354538035485,0.7983364115828795,4.261874486336841,10,0.011577627621591091,0.011365998536348343,0.18705041706562042,0.16118848323822021,0.17997489869594574,0.4696551964244122,0.5396129141344232,0.4866761238659514,0.17554478678975596,0.15634456057743645,0.17045179773303476
111,sandy-sweep-9,3,10.0,4.266240591853592,-3.428995132446289,-0.8372449679471409,gaussian,0.0002894627396017313,0.7849758824827582,0.00012291304301470518,5,0.00022220611572265625,0.00024117786961141974,0.7913232407613545,2,0.7853039556518001,0.7819551552786457,4.262867616550181,14,0.01111017819494009,0.011036118492484093,0.18889667093753815,0.19449174404144287,0.17970480024814606,0.457989761560075,0.4681638818158298,0.4965018652836797,0.1792147578486235,0.17600555614412494,0.16764406923093658
112,usual-sweep-8,3,10.0,4.267100520216143,-3.430593967437744,-0.8365065807528487,gaussian,0.0009045233600772916,0.7825167521307372,0.0001715628313831985,7,0.0005373261519707739,0.0005373261519707739,0.7958600684065192,3,0.787899428735304,0.7958600684065192,4.263401842263678,3,0.011106939986348152,0.01112417969852686,0.18870560824871063,0.1621493548154831,0.15489275753498077,0.4595091583273394,0.539269434929853,0.5667341159663444,0.17872808427113404,0.15642856444555805,0.1499848254428424
113,vivid-sweep-7,3,10.0,4.273261977871632,-3.472424268722534,-0.8008372469349481,gaussian,0.0002090638445224613,0.9190224089207076,0.00010469118569744751,11,0.0002090638445224613,0.00021508216741494834,0.9190224089207076,17,0.9142471677709354,0.9133091741495523,4.26194485528073,12,0.009813688695430756,0.009737655520439148,0.21672499179840088,0.23186826705932617,0.19342994689941406,0.42543098497703014,0.3864084595554438,0.47183876099925115,0.1903199523042434,0.2055885296308285,0.1748744695537191
114,spring-sweep-6,3,10.0,4.266198991631181,-3.485349178314209,-0.7808482670930141,gaussian,8.92642347025685e-05,0.7835712635355395,5.5998483730945736e-05,10,0.0005624990444630384,0.00014753499999642372,0.7893932651199755,11,0.7854165239297226,0.7865685513825331,4.263289261649287,8,0.009684792719781399,0.010176138021051884,0.1897365152835846,0.21767161786556244,0.19594340026378632,0.46538555586040786,0.42987186790415777,0.4635625246149324,0.17687045408830665,0.18872487115713005,0.177442600656116
115,honest-sweep-5,3,10.0,4.264193535813865,-3.4392995834350586,-0.8248948392959216,gaussian,0.0005942996358498931,0.6557904825764829,8.736610470805317e-05,10,0.0008453111513517797,0.00045544083695858717,0.6676198935262063,1,0.6622227896028697,0.6596627728038629,4.258280676770958,12,0.010752302594482899,0.010857805609703064,0.21397702395915985,0.19830933213233948,0.20281504094600677,0.41403851587007523,0.4522521005010418,0.4408119870195293,0.19453795175394076,0.18107672186176021,0.18490714407258302
116,valiant-sweep-4,3,10.0,4.2705500198966355,-3.4273600578308105,-0.8431897700593951,gaussian,0.000552243203856051,0.7217425369758932,0.00022259903198573738,7,0.0006118146702647209,0.0003506069188006222,0.734478014607355,0,0.7232899872907337,0.7202816534915598,4.265256699189369,4,0.010615652427077293,0.010592336766421795,0.13802048563957214,0.10244116187095642,0.1490212231874466,0.6425486711160069,0.8681677250115314,0.6061851612236389,0.13467130693225252,0.1032878884687144,0.1416059207853157
117,drawn-sweep-3,3,10.0,4.283269927698397,-3.4794843196868896,-0.8037847725928059,gaussian,0.0006649319548159838,0.8530105990939287,9.473371756030247e-05,10,9.811083145905286e-05,9.811083145905286e-05,0.8554419725174882,9,0.854013405509118,0.8554419725174882,4.2615251286560545,9,0.011023973114788532,0.011084013618528843,0.19224677979946136,0.1372888833284378,0.1316305696964264,0.46350457522104094,0.6506900607434005,0.6440724675032925,0.17746084840708504,0.13321076863728692,0.13439551168389052
118,glowing-sweep-2,3,10.0,4.2643560605605755,-3.4508564472198486,-0.8134986927271188,gaussian,7.105064287316054e-05,0.8034102471556511,7.105064287316054e-05,13,0.0003163334622513503,0.00017716900038067251,0.8078178859800058,6,0.8034102471556511,0.8017114152461003,4.260302774362465,8,0.011145640164613724,0.010818833485245705,0.15481537580490112,0.19669218361377716,0.16776959598064423,0.5772925332227175,0.44730348083271565,0.535621825101007,0.14764668897821218,0.18271398502317435,0.15732625289276206
119,youthful-sweep-1,3,10.0,4.270420053153799,-3.409426212310791,-0.8609937950666442,gaussian,0.00015935707779135555,0.7520722242894178,0.00015935707779135555,7,0.0006310097523964942,0.00031979879713617265,0.7838689157898973,0,0.7520722242894178,0.7627400549880584,4.266363675333876,2,0.011807991191744804,0.011525576002895832,0.2233334183692932,0.21901249885559082,0.23855902254581451,0.4094725807117925,0.40989430028171014,0.3872579935014677,0.19628141687289308,0.1961190779044819,0.20523008618369393
