,name,dim,gamma_square,neg_elbo,kl_loss,rec_loss,prior,cima,mcc,min_cima,min_cima_step,cima4max_mcc,cima4min_neg_elbo,max_mcc,max_mcc_step,mcc4min_cima,mcc4min_neg_elbo,sigma_0,sigma_1,sigma_2,col_norm_sq_0,col_norm_sq_1,col_norm_sq_2,rhs_0,rhs_1,rhs_2
0,peach-sweep-149,3,1000000.0,-1.8306434195702856,-13.62528133392334,15.455925880100883,gaussian,0.002447170205414295,0.786943144240727,0.002447170205414295,49,0.002447170205414295,0.028870178386569023,0.786943144240727,49,0.786943144240727,0.7808872856366134,3.183361332048662e-05,2.753090302576311e-05,1.2604303265106864e-05,0.03161795879737728,0.036450399089517305,0.07963546560180479,3.1626594866967844e-05,2.743378923657227e-05,1.2557061547660362e-05
1,summer-sweep-148,3,1000000.0,-0.7897139884762869,-14.224103927612305,15.013820194734423,gaussian,0.017909202724695206,0.7799325349134967,0.017909202724695206,49,0.017909202724695206,0.021170809864997864,0.7799325349134967,49,0.7799325349134967,0.7794457327404598,8.684238309797365e-06,1.9016642909264192e-05,3.4557007893454283e-05,0.11565563813987012,0.051917159447603334,0.029330288485313938,8.646282790881778e-06,1.926108341743541e-05,3.409328575867699e-05
2,woven-sweep-146,3,1000000.0,-2.5928943447291424,-11.806549072265623,14.399442679486633,gaussian,0.0013856029836460948,0.8740236238820277,0.0013856029836460948,49,0.0042321509681642056,0.0016820342279970646,0.8744224318938731,39,0.8740236238820277,0.8741485755120854,1.548935688333586e-05,2.0054167180205695e-05,8.919408173824195e-06,0.0643012616280636,0.04983387018116048,0.11195907565778018,1.5551552537672602e-05,2.0066270793217376e-05,8.931755307638624e-06
3,laced-sweep-145,3,1000000.0,-3.0973501968027075,-12.42262363433838,15.519971895818006,gaussian,0.001488600391894579,0.8015714892624669,0.0008735720184631646,41,0.10347697138786316,0.0013361511519178748,0.8157002457758273,12,0.8050070917091732,0.8018270655355555,1.43546440085629e-05,2.2732279830961488e-05,4.549240111373365e-05,0.06917621717776967,0.04493550150613945,0.021647319508603324,1.4455626300061015e-05,2.2253623813223976e-05,4.619296198037852e-05
4,elated-sweep-144,3,10.0,-0.6577200506204058,-6.979624231462367e-06,0.6577270302448363,gaussian,1.4044309854507446,0.05771775446647432,0.23131757974624634,42,1.3942339420318604,2.032586097717285,0.061410635571051336,26,0.05090462876961617,0.05724142961040699,0.47165653109550476,0.2394401878118515,0.2035401463508606,1.0990661296101485e-05,1.7294738256526387e-05,1.3750944563298981e-05,0.9998901054651751,0.9998270825230597,0.9998625094606148
5,young-sweep-143,3,10.0,-0.6581217200473173,-2.251942987641087e-06,0.6581239719902698,gaussian,1.1656023263931274,0.05702170420550241,0.25781843066215515,10,0.7494255304336548,1.1656023263931274,0.061210245921954516,42,0.05261540072945537,0.05702170420550241,0.2999356985092163,0.33865466713905334,0.27394670248031616,2.9944550611876163e-06,1.0050363905773083e-05,1.0161062794702069e-05,0.9999700563460375,0.9998995064609086,0.9998983996957237
6,worldly-sweep-142,3,100000000.0,52.486105891087014,-23.460987091064453,-29.025119191664828,gaussian,0.08638201653957367,0.684443790973812,0.08638201653957367,41,0.09610030055046082,0.08883639425039291,0.6862436070618366,31,0.684443790973812,0.6852796835580781,9.803272149611075e-08,1.5151786669775902e-07,9.123799316057557e-08,0.10492052484615844,0.06647641336218513,0.10812031243246167,9.531022706529923e-08,1.504292724281623e-07,9.248955029935828e-08
7,easy-sweep-149,3,100000000.0,30.67271172984885,-22.354761123657227,-8.317953841054898,gaussian,0.03519320860505104,0.85288947331306,0.02120477519929409,7,0.03519320860505104,0.03531286492943764,0.85288947331306,49,0.6112580832220899,0.8526063158312792,1.54092106185999e-07,1.9954593710735935e-07,2.8036922117280483e-07,0.06638310164140648,0.05080404527592819,0.034729528112586124,1.5064072401454735e-07,1.9683468072947645e-07,2.879393318615994e-07
8,driven-sweep-148,3,100000000.0,62.3507572011605,-21.917556762695312,-40.43320174054851,gaussian,0.2367853671312332,0.8861154594882625,0.23678536713123322,49,0.23678536713123322,0.25075215101242065,0.8861154594882625,49,0.8861154594882625,0.883336991504542,1.0012302453787925e-07,1.1209023398350837e-07,2.184227128054772e-07,0.10158480229063205,0.08831835962383039,0.047271254165544896,9.843991217299498e-08,1.1322672783241418e-07,2.1154500892931072e-07
9,clear-sweep-147,3,10000000.0,9.631943584918776,-19.707103729248047,10.075161141236824,gaussian,0.06367099285125732,0.6890902423016323,0.06367099285125732,49,0.09735655784606934,0.0650683119893074,0.6924298488481416,27,0.6890902423016323,0.6891119493676432,1.040580741573649e-06,1.6500234778504819e-06,1.0120642173205852e-06,0.09472773807637225,0.06088500956011189,0.1013623505105068,1.0556558877589626e-06,1.6424377113302222e-06,9.865586269506618e-07
10,iconic-sweep-146,3,10000000.0,5.095015160063454,-18.69008445739746,13.595069312592797,gaussian,0.02658890560269356,0.8552280342454986,0.019926149398088455,7,0.026588905602693558,0.030274460092186928,0.8552280342454986,49,0.612879417861839,0.8540978293652131,1.5644510540369083e-06,1.9993040041299537e-06,3.0389132916752715e-06,0.06379901350526129,0.05022790020902422,0.032621232032682634,1.5674198982679178e-06,1.990921390137955e-06,3.0654787456199544e-06
11,eager-sweep-145,3,10000000.0,12.4396112045515,-19.907941818237305,7.4683320785295555,gaussian,0.08891266584396362,0.8304310221530835,0.08891266584396362,49,0.08891266584396362,0.11418956518173218,0.8304310221530835,49,0.8304310221530835,0.8267155960602245,2.319864051969489e-06,2.591074235169799e-06,1.2607304142875364e-06,0.04261057776086852,0.038442819872571476,0.08015005301900491,2.346829603631297e-06,2.6012592261845516e-06,1.247658254330324e-06
12,celestial-sweep-144,3,10000000.0,-2.6299564144245107,-16.124462127685547,18.75442105981025,gaussian,0.07191403210163116,0.7573634217311671,0.07191403210163116,49,0.07191403210163116,0.07191403210163116,0.7573634217311671,49,0.7573634217311671,0.7573634217311671,2.9941672892164206e-06,1.111578626478149e-06,1.337452772531833e-06,0.03367516191900699,0.09163586812875124,0.07424102008359856,2.969538892986546e-06,1.0912745512711456e-06,1.346962436549932e-06
13,solar-sweep-143,3,10000000.0,5.5286982767352795,-20.8612003326416,15.332502300046947,gaussian,0.027125338092446327,0.8356022986825347,0.02471654675900936,7,0.03387310355901718,0.031068675220012665,0.843641359909584,9,0.6980387529307345,0.8370850161976323,2.7718497221940197e-06,2.117686335623148e-06,1.2124846762162633e-06,0.03670082292752874,0.04741009082470016,0.08154867348002881,2.7247271191916456e-06,2.1092511601514407e-06,1.2262600126596614e-06
14,playful-sweep-142,3,10000000.0,17.41609213197666,-18.952545166015625,1.5364519608374658,gaussian,0.04358229413628578,0.9179979030681964,0.04358229413628578,49,0.04358229413628578,0.04465792700648308,0.9179979030681963,49,0.9179979030681963,0.9179498193202797,3.542012791513116e-06,1.5771259995744913e-06,1.060581666934013e-06,0.028087973831190993,0.06339419056403361,0.09412871351985874,3.560229889774531e-06,1.5774291203557444e-06,1.0623739560777804e-06
15,peach-sweep-141,3,10000000.0,0.5855879849070867,-20.013097763061523,19.42751019522801,gaussian,0.1890423148870468,0.75439186112886,0.1527281552553177,7,0.18904231488704681,0.18904231488704681,0.75439186112886,49,0.4314863454097734,0.75439186112886,8.533453978998295e-07,1.3997295127410325e-06,2.3605268779647304e-06,0.1176418205293226,0.07224111466385708,0.042809564912955844,8.500371257971321e-07,1.3842513648933826e-06,2.3359211104157967e-06
16,worldly-sweep-140,3,10000000.0,10.863392645953905,-20.12073516845703,9.257341220419791,gaussian,0.009723924100399016,0.716601524348591,0.009350278414785862,31,0.009723924100399017,0.009797166101634502,0.716601524348591,49,0.7143843341130293,0.7165459041362883,2.19699313674937e-06,2.1234286577964667e-06,1.2498626347223762e-06,0.04532148555633797,0.04780642728648332,0.0800873763510026,2.2064541381874834e-06,2.0917645701547055e-06,1.2486346749362657e-06
17,revived-sweep-139,3,10000000.0,2.366958972231741,-19.00850486755371,16.641545452817088,gaussian,0.08045745640993118,0.8818117955832372,0.08045745640993118,49,0.13171526789665222,0.0812985971570015,0.8865288615349397,13,0.8818117955832372,0.8818932076199264,1.1920176348212408e-06,2.5817989808274433e-06,1.734547367959749e-06,0.08390481868684763,0.03759975422052997,0.058123087458344935,1.1918252417742387e-06,2.6595847795973317e-06,1.720483758253397e-06
18,robust-sweep-138,3,10000000.0,4.3369239004115325,-18.794214248657227,14.457293583108978,gaussian,0.023482488468289375,0.8701521156230723,0.006017305888235569,6,0.03415573388338089,0.028968680649995804,0.8815354690378745,12,0.6708022832896126,0.8766904407008658,9.998145742429188e-07,2.3618390514457133e-06,1.8205984133601305e-06,0.10025576844726913,0.041589483131979854,0.05517412367927775,9.974478456849265e-07,2.404448240865057e-06,1.8124405443616207e-06
19,pleasant-sweep-133,3,1000000.0,-2.748311776966242,-11.792520523071287,14.540832259347429,gaussian,0.000509674078784883,0.765482844295751,0.0004368222435005009,48,0.000509674078784883,0.02221968024969101,0.765482844295751,49,0.7653404998577374,0.756361208109684,2.7997215511277318e-05,1.0588447366899345e-05,1.387509564665379e-05,0.03583931396566187,0.09363627008362219,0.07164930596028629,2.790154129113062e-05,1.0679508267455427e-05,1.395667452633449e-05
20,summer-sweep-130,3,1000000.0,1.4999108844356843,-14.267189025878906,12.767276447717634,gaussian,0.012663647532463074,0.7279041760753963,0.0009206237737089396,22,0.012663647532463074,0.009394688531756401,0.7279041760753963,49,0.7147641622717243,0.7257294647390579,2.3611004507984035e-05,1.625625191081781e-05,1.678586340858601e-05,0.042405873868461605,0.06241847999476159,0.05899039843484387,2.3581082706115472e-05,1.6020639711896393e-05,1.69516239067379e-05
21,deep-sweep-132,3,1000000.0,-2.471667578962355,-12.361907958984377,14.833575014061644,gaussian,0.00798444077372551,0.8282793154912582,0.00798444077372551,49,0.00798444077372551,0.012194545939564705,0.8282793154912582,49,0.8282793154912582,0.8274599442394244,1.8529442968429066e-05,1.7828815543907695e-05,1.3182921065890696e-05,0.05385463089404485,0.05632955567108766,0.07558480081848984,1.8568160532134368e-05,1.775235461618679e-05,1.3229998083917628e-05
22,ruby-sweep-152,3,1000.0,-4.752517203325837,-1.417088508605957,6.169605745628286,gaussian,0.00039486694731749594,0.7275370211633208,0.00024063364253379405,14,0.00035586420563049614,0.00024063364253379405,0.7511877762334382,18,0.750469772365013,0.750469772365013,0.03096430003643036,0.033913154155015945,0.036731988191604614,0.016821511511921905,0.015320240880713824,0.015009043564262692,0.05611196330519095,0.06127360541484001,0.06246469353311775
23,playful-sweep-149,3,10.0,-0.6581880444054344,-2.510706508473959e-06,0.6581905551120181,gaussian,1.2989752292633057,0.052293824506180614,0.1296018809080124,33,0.9075519442558289,1.2989752292633057,0.06144099787314507,39,0.05352923927327395,0.052293824506180614,0.24756328761577606,0.2543777525424957,0.353321373462677,9.254664213658456e-06,9.644841839852715e-06,3.20218235943204e-06,0.9999074619219518,0.9999035608830018,0.99996797920177
24,lyric-sweep-148,3,10.0,-0.6581724030374481,-4.621505922841607e-06,0.6581770245431853,gaussian,3.9877395629882817,0.057683428818317825,0.2593716084957123,34,1.181208610534668,3.9877395629882812,0.06304267595918074,16,0.05376871859250225,0.057683428818317825,0.09175585955381393,0.32207605242729187,0.13265852630138397,1.62277997362327e-05,9.787408545666948e-06,1.8321090636139398e-05,0.9998377483325134,0.9999021354929424,0.9998168226537263
25,young-sweep-142,3,10000000.0,2.364881400929106,-19.199872970581055,16.834990821971285,gaussian,0.0313875675201416,0.9389827465363304,0.017473772168159485,6,0.0313875675201416,0.036135122179985046,0.9389827465363304,49,0.6430015698385587,0.9368233895019182,1.4973034012655262e-06,2.9230909603938926e-06,1.8249558024763246e-06,0.06871913263943075,0.03352035531121177,0.05582584153266712,1.4551966918009576e-06,2.983253033754361e-06,1.791281924756862e-06
26,astral-sweep-141,3,10000000.0,15.22096514284297,-19.135801315307617,3.914837784810027,gaussian,0.11617127805948256,0.7117498294240567,0.11617127805948257,49,0.13510946929454803,0.11768611520528793,0.7121389731512715,37,0.7117498294240567,0.7118211018378644,2.051077672149404e-06,2.0814361505472334e-06,1.5005900877440581e-06,0.048271439658851514,0.048420903888911404,0.0671852460182123,2.071614054714807e-06,2.065219470241103e-06,1.4884198106666364e-06
27,solar-sweep-127,3,1000000.0,0.9787564669494802,-16.260845184326172,15.282090599294012,gaussian,0.014482397586107254,0.8575281400358897,0.014482397586107254,49,0.014482397586107254,0.014859167858958244,0.8575281400358897,49,0.8575281400358897,0.8555270290154426,3.9617527363589033e-05,3.3655956940492615e-05,1.8753207768895663e-05,0.026047003561021864,0.030273529960468615,0.0530829359543219,3.839065814227684e-05,3.303106609105951e-05,1.883809069584607e-05
28,easy-sweep-126,3,1000000.0,1.024552682096863,-13.320040702819824,12.295486377860009,gaussian,0.014116188511252403,0.9109086759898868,0.014116188511252403,49,0.014116188511252403,0.015894314274191856,0.9109086759898869,49,0.9109086759898869,0.910469528631266,8.648021321278065e-06,1.3322460290510207e-05,3.189413109794259e-05,0.11523387085563641,0.07411090873157278,0.03197742344628751,8.677928760407749e-06,1.3493108153804505e-05,3.127108507020829e-05
29,happy-sweep-124,3,1000000.0,-3.856509184190791,-11.804540634155272,15.66104918002006,gaussian,0.001152247074060142,0.9447464023832752,0.001152247074060142,49,0.002136404626071453,0.0013056793250143528,0.9449277525741745,45,0.9447464023832753,0.9448367629644812,3.3768013963708654e-05,1.3973588465887588e-05,1.2659977983275894e-05,0.029228506763988804,0.07000635154334223,0.07907224531964463,3.421200392036773e-05,1.4284214128296087e-05,1.2646502568063488e-05
30,expert-sweep-152,3,99999.99999999999,-4.262056293216873,-8.31039810180664,12.572454478946854,gaussian,0.000332637777319178,0.8107328769205847,0.000332637777319178,49,0.11862467229366302,0.00038837941247038543,0.8297319277487851,14,0.8107328769205847,0.8115262189592761,0.00024011346977204084,0.00022844925115350634,0.00012486394552979618,0.041120777272825246,0.044719891959776006,0.07899761078388057,0.00024312693955839525,0.00022356414383903822,0.00012657008484099407
31,curious-sweep-151,3,99999.99999999999,-4.539795566270534,-8.30856990814209,12.848366026272164,gaussian,0.0001978670770768076,0.8106627478199281,0.00012558365415316075,35,0.005433466751128435,0.00019786707707680762,0.8175768554534429,21,0.8103564832156692,0.8106627478199281,0.0006365886656567454,0.00027018843684345484,0.0001085816984414123,0.015696775450459777,0.036637738709411005,0.09078211451967277,0.000636667916437761,0.00027286813190010103,0.00011014172379290944
32,gallant-sweep-150,3,99999.99999999999,-4.028031397553512,-8.300945281982422,12.328976455740362,gaussian,0.000258049025433138,0.7467209540630482,0.00010182952973991632,29,0.0003165804664604366,0.00019924799562431872,0.7524440066010513,26,0.7513304639977855,0.7504315055899724,0.0002983002341352403,0.00010829228995135054,0.00014361939975060523,0.03366665821904835,0.09167942951813757,0.06907957188840275,0.0002969415770102674,0.00010906382614172389,0.00014473964343204426
33,fast-sweep-149,3,99999.99999999999,-3.8435075033583903,-8.285482406616211,12.128991392620271,gaussian,0.0003867581544909626,0.77050375336527,0.00023707072250545025,40,0.0003457743441686034,0.0004713477974291891,0.7706603922286349,38,0.7699351273462236,0.77058790991066,0.00031511232373304665,0.00019018034799955785,0.00012943861656822264,0.03242194139368437,0.053164079438625444,0.07620753578727602,0.0003083380016821117,0.00018806155377907755,0.00013120340216600694
34,lyric-sweep-148,3,99999.99999999999,-3.4679398921226676,-8.303618431091309,11.771558516491972,gaussian,2.077102726616431e-05,0.754453687581585,1.4579773051082157e-05,40,0.02395515702664852,2.69241336354753e-05,0.7587224017178024,17,0.75305929496098,0.7532283527336994,0.00010805541387526318,0.00016731751384213567,0.00022526113025378436,0.09199204292287622,0.05904063617498978,0.04475166759965732,0.0001086932385662657,0.00016934618571028007,0.00022340543898942135
35,daily-sweep-147,3,99999.99999999999,-4.269378805513672,-8.294258117675781,12.563637675956382,gaussian,5.543009319808334e-05,0.8464257979673138,2.2735595848644152e-05,46,9.497451537754387e-05,0.0013546040281653404,0.8476332893315572,38,0.8462167050744537,0.8436468035204182,0.00012242270167917013,0.00023747699742671102,0.0001392010017298162,0.08169716532597704,0.041697104290641995,0.07085761978675365,0.00012238828700156503,0.00023976730511697847,0.0001411081680193409
36,polished-sweep-146,3,99999.99999999999,-4.3869089673577095,-8.310576438903809,12.697484236421024,gaussian,0.0001572596229379997,0.9276930313916016,0.00014566167374141514,45,0.004492937587201595,0.00016770554066170007,0.9293288652482001,17,0.9274643115611777,0.9275090825649329,0.0003617076145019382,0.0001412071578670293,0.00013297903933562338,0.02706883920247094,0.06942609609197437,0.07490372845495585,0.00036929204849694974,0.0001440173132250134,0.00013348688159357604
37,happy-sweep-145,3,99999.99999999999,-4.346050643069648,-8.333626747131348,12.67967860836099,gaussian,0.0001859461481217295,0.901377704508048,1.5800476830918342e-05,37,7.788975926814601e-05,7.788975926814601e-05,0.9014059874680717,48,0.9009998107766807,0.9014059874680717,8.949145558290184e-05,0.00012929138028994203,0.0003274559276178479,0.11042783064380135,0.07574131129559092,0.03046455427546868,9.054868192995677e-05,0.00013201091610122462,0.00032814261726708084
38,glowing-sweep-144,3,99999.99999999999,-3.005462099964299,-8.311151504516602,11.316612182870388,gaussian,0.00040467962389811873,0.7294926849097728,0.00022247695596888661,39,0.00035686875344254076,0.0007024091319181025,0.7298125226570659,41,0.7295499888623507,0.7290715759554421,0.00022380142763722688,0.00018183005158789456,0.00016723030421417207,0.04427167158876366,0.05520343790755078,0.05912372483537731,0.000225827066621791,0.00018111532950989165,0.00016910823777529748
39,deep-sweep-143,3,99999.99999999999,-4.319237417537727,-8.327253341674805,12.646490105627738,gaussian,0.00025772349908947945,0.8537760839603821,0.00014680862659588456,31,0.00025872295373119414,0.00048730976413935423,0.8541360923645963,48,0.8507318417740581,0.8494965684504759,0.00012789585161954165,0.0002811322920024395,0.00018191045091953129,0.0756670035615068,0.03480921697279005,0.05492362921467574,0.00013214053846453448,0.00028719772784708625,0.00018203785446107868
40,solar-sweep-142,3,99999.99999999999,-4.205533617541244,-8.273837089538574,12.479370162849673,gaussian,8.558527770219371e-05,0.832607564526484,2.850977580237668e-05,47,0.014916984364390373,2.9680888474103995e-05,0.8520491184030116,8,0.8323614393240318,0.8329067646036126,0.00010117583587998524,0.000350828719092533,0.0001920496579259634,0.09781119035212615,0.028136733358267385,0.052027415124929144,0.00010222733912767858,0.0003552810151257839,0.00019216942225113294
41,laced-sweep-141,3,99999.99999999999,-3.8228199422301583,-8.320204734802246,12.143024725351902,gaussian,9.171295096166432e-05,0.9133731071629788,2.255757681268733e-05,40,8.1436155596748e-05,5.3871153795626014e-05,0.913761436424709,33,0.9131664599335495,0.9135936627403987,0.0001906585821416229,0.00021500214643310755,8.372495358344167e-05,0.05216289431950205,0.046082007203281705,0.1188221434916592,0.00019167040913545857,0.00021695735566248047,8.415231524206157e-05
42,olive-sweep-140,3,99999.99999999999,-4.00908617107017,-8.30699348449707,12.316079884449076,gaussian,0.0003185500972904265,0.8591463882803397,0.00014701843610964715,30,0.0003311004547867924,0.00024301401572301984,0.8594941042890881,48,0.8556085393382681,0.8547996500307791,0.00010560110968071967,0.00015323326806537807,0.00025068470858968794,0.09440070859412586,0.06394058090223442,0.03975897252829785,0.00010592018796289589,0.00015637074533048694,0.0002514523097845799
43,fresh-sweep-139,3,99999.99999999999,-4.4472200486207685,-8.289789199829102,12.737009070430666,gaussian,0.0001566848804941401,0.7638455430435986,7.452900899806991e-05,31,0.04298168793320656,0.0001480916398577392,0.7798715176813007,11,0.7608629209221509,0.7620195714383047,0.00015543241170234978,0.00024062037118710577,0.0003735619247891009,0.06371920065453196,0.042129401659712906,0.02623392030816163,0.00015691394050599744,0.0002373075935143245,0.00038104063274761924
44,frosty-sweep-138,3,99999.99999999999,-3.1309467168671175,-8.309782028198242,11.440727272592213,gaussian,0.00028590011061169207,0.7341208073610174,0.00011023712431779131,32,0.0010617471998557448,0.0001394335413351655,0.7388640413781588,21,0.7363615845956025,0.7368284904467091,0.00012883204908575863,0.00035683007445186377,0.0001201239792862907,0.07639435693673224,0.028252765567302385,0.08186294757098622,0.00013088258838799794,0.0003538224161463219,0.0001221404663772452
45,comic-sweep-137,3,99999.99999999999,-4.189720575709901,-8.30269718170166,12.492417971034609,gaussian,0.0002797342895064503,0.9508136886491848,0.00016115316248033196,46,0.00016115316248033196,0.0003051389066968113,0.9508951367984219,46,0.9508951367984219,0.9505364891582752,9.515744750387967e-05,0.0002886220463551581,0.0001370726095046848,0.10665435230414833,0.03331017875931596,0.0725103790221091,9.375203415181745e-05,0.0003001184379061625,0.0001378922743488603
46,whole-sweep-136,3,10000.0,-4.743273625449572,-4.698243618011475,9.441517585512235,gaussian,0.0005471051554195583,0.7482669090886345,0.00025852458202280104,22,0.0010933710727840662,0.0007824084023013711,0.7558970775948766,31,0.7516414151234291,0.7502202961572512,0.005186781287193298,0.0021138477604836226,0.0014538881368935108,0.018778627252743263,0.04494395471192547,0.06427608356433723,0.005296995309098491,0.0022200537372781973,0.0015533719117917504
47,drawn-sweep-135,3,10000.0,-4.6341489484646665,-4.7101359367370605,9.344284306639308,gaussian,0.0003806864551734179,0.7721829019498123,6.166458479128778e-05,11,0.00025860595633275807,0.00024251047580037266,0.7734881790574066,46,0.7643958623492028,0.7689086813117789,0.0013902852078899741,0.002134748501703143,0.00271589239127934,0.06734046493523582,0.04301594432762901,0.036143023809032115,0.0014827893030694797,0.002319327607441948,0.0027591516791454643
48,prime-sweep-134,3,10000.0,-4.651846483356523,-4.7133002281188965,9.365146499123938,gaussian,0.0005715751904062927,0.672753093510288,0.0003741963591892272,41,0.0008087857277132571,0.0003741963591892272,0.6818697079575468,13,0.6721367714072105,0.6721367714072105,0.001941330381669104,0.004121560603380203,0.0014497952070087194,0.04765116214972309,0.02278373410362655,0.06369797280005063,0.0020941898688549487,0.004369916183572168,0.0015674479236732213
49,denim-sweep-133,3,10000.0,-4.786078728916213,-4.734715461730957,9.52079473233418,gaussian,0.00037853114190511405,0.859655497183946,0.00013878631580155343,34,0.0004199473187327385,0.0005669695674441755,0.8630432558537204,20,0.8597286083382777,0.8611777903866623,0.004562118090689182,0.0020658704452216625,0.0018420006381347775,0.01997748912089392,0.043105814771494444,0.05032623898856858,0.004980702487141861,0.0023145032799144483,0.0019830945556473007
50,faithful-sweep-132,3,10000.0,-4.760894677154682,-4.736060619354248,9.49695584201064,gaussian,0.0002551116922404617,0.7791927618705526,6.970341928536072e-05,16,0.0003973617567680776,0.00035213216324336827,0.7800269049782017,47,0.7570250263319159,0.775819316292611,0.0012510482920333743,0.002701612189412117,0.0027286172844469547,0.07334204747267226,0.034151733574535825,0.034122627001168304,0.0013616178121560398,0.0029195602547353746,0.0029220433602769936
51,sparkling-sweep-131,3,10000.0,-4.679768417722393,-4.71085786819458,9.390626760211,gaussian,0.0005319188348948956,0.7344711857318522,8.154551323968917e-05,11,0.00021329880109988153,0.0006344591965898871,0.7390159575563228,26,0.7196916925985929,0.7347970889367763,0.0026124794967472553,0.002579202875494957,0.001664980547502637,0.03533515125448283,0.0369270501907728,0.056210031907007144,0.0028220565303033436,0.002700728237458142,0.0017758824957717016
52,deep-sweep-130,3,10000.0,-4.624244570241248,-4.7198286056518555,9.344072796966508,gaussian,0.0004354934790171683,0.8731365761840628,6.278991349972785e-05,17,0.011176381260156631,0.00037770209019072354,0.8839949100693727,10,0.8769063882866671,0.8720264330509049,0.001359622459858656,0.004259584005922079,0.00219560693949461,0.0665031561583227,0.021860430871809777,0.04197646738993498,0.0015014303490706884,0.004553644715977238,0.0023766253728781613
53,wobbly-sweep-129,3,10000.0,-4.754069490807489,-4.717067241668701,9.471136234022415,gaussian,0.00038968404987826943,0.9329937449171114,4.243596413289197e-05,17,0.00019333648378960788,0.00013380432210396975,0.9384840097985347,22,0.9369875457604538,0.93435673502285,0.0015994615387171507,0.0024426006712019444,0.002026988659054041,0.057528379687603826,0.03764184769598189,0.04539630619929037,0.0017352561453590639,0.002649578812503297,0.0021979806352182443
54,eternal-sweep-128,3,10000.0,-4.6211528307085326,-4.7425856590271,9.363737920074172,gaussian,0.00011112340143881738,0.9433177767667232,4.362106483313255e-05,20,0.00013667297025676817,0.00013227590534370393,0.9455808864160921,33,0.9436339348397402,0.9448482800030765,0.0022845251951366663,0.003009258536621928,0.0011861834209412336,0.04096445062466736,0.03044694897514777,0.07768669429922515,0.0024351963432801935,0.003273649361229414,0.0012855669070513018
55,fallen-sweep-127,3,10000.0,-4.597364286400531,-4.724942207336426,9.322306482292865,gaussian,0.0003441492735873908,0.876734897854712,0.00016611607861705124,23,0.0004678904078900814,0.0006667849374935031,0.8882456362098717,12,0.8772956607604279,0.8763038896708603,0.0016544504323974252,0.0024822147097438574,0.003240124322474003,0.05666623410548155,0.03621874737970021,0.029167550131966813,0.0017616106048920313,0.0027533989252033902,0.0034167533513772747
56,dazzling-sweep-126,3,10000.0,-4.765960498851815,-4.701322555541992,9.467282768291511,gaussian,0.0009468943462707102,0.7030336467198502,0.0001824239152483642,14,0.001019045477733016,0.0006764755235053599,0.7528381737961332,10,0.7484682219115971,0.7086601111592771,0.002156950067728758,0.004260937217622995,0.003908309154212475,0.04316648637497168,0.022210402803644946,0.024530835982805366,0.0023112577049438175,0.0044822140093168815,0.004059951520517183
57,honest-sweep-125,3,10000.0,-4.363000792322734,-4.713864803314209,9.076865523157691,gaussian,0.0007237739628180861,0.7419420036905896,8.203760808100924e-05,15,8.203760808100924e-05,0.00020520146063063294,0.7620640950454424,15,0.7620640950454424,0.7442984610674005,0.0015146632213145494,0.0045482078567147255,0.0020028066355735064,0.06071715977782688,0.020454410405117196,0.04742451073556553,0.0016442727737584792,0.0048651359016897,0.0021041773697874984
58,earnest-sweep-124,3,10000.0,-4.6379623078474665,-4.716742992401123,9.354704759833142,gaussian,0.0002147343911929056,0.9111899845186072,8.850733138388023e-05,33,0.0004572486795950681,0.00021680195641238242,0.9220767789282793,12,0.9176485447138121,0.9141048317552277,0.0014642230235040188,0.002472729654982686,0.0017403507372364402,0.06454301595590906,0.036521072872233384,0.052535374848062574,0.0015469575254379658,0.002730668223426666,0.0018998629778672668
59,dutiful-sweep-123,3,1000.0,-4.730780515406052,-1.4267462491989136,6.157526842488368,gaussian,0.002680669073015451,0.6823866618122959,0.0003028678765986115,40,0.0011856219498440623,0.0023383726365864277,0.7216423860953047,16,0.6963690950526584,0.6994164078369004,0.02862553671002388,0.032548755407333374,0.028378156945109367,0.01921450165699312,0.016779047159938054,0.018270851769174534,0.049469436198248014,0.05624598388227034,0.05189184224848796
60,true-sweep-122,3,1000.0,-4.749245253594515,-1.4278160333633425,6.17706146847387,gaussian,0.00152926635928452,0.6104892715772755,0.0003193435550201684,20,0.00033074189559556544,0.0011074052890762687,0.6451300480113291,22,0.6412517463490699,0.6273023946876606,0.028981124982237816,0.04110006242990494,0.04712717607617378,0.01845947716552221,0.012594336032415224,0.011709796982902528,0.051388842130443965,0.07356004718549951,0.0786794628856165
61,zany-sweep-121,3,1000.0,-4.771536088365413,-1.4397529363632202,6.21128893794427,gaussian,0.001235347706824541,0.7373194234972559,0.00035431544529274106,28,0.0021104977931827307,0.001235347706824541,0.7495958628444896,23,0.7427165198588248,0.7373194234972559,0.040995191782712936,0.043371669948101044,0.03531497344374657,0.011741870213912764,0.012258529294051412,0.015481521653542052,0.07848141467554007,0.07542314670215053,0.0606740094161809
62,brisk-sweep-120,3,1000.0,-4.754371516619145,-1.432809352874756,6.1871808828453405,gaussian,0.002555313054472208,0.5645945858407935,0.0005385882104746997,19,0.0009403025032952428,0.003968545235693455,0.6259390402224208,13,0.6116288358636491,0.5912061527255429,0.0215094406157732,0.03222590684890747,0.03495895862579346,0.02485140167121558,0.016636292912322277,0.015713044256777886,0.03868262203799405,0.05670125830702843,0.05983350397665915
63,splendid-sweep-119,3,1000.0,-4.771029913359016,-1.4358258247375488,6.206855874154101,gaussian,0.002748947124928236,0.5708336544082137,0.00041422652429901063,18,0.002748947124928236,0.0009525794885121286,0.5708336544082137,49,0.5570417464668006,0.5615404418947856,0.03508232161402702,0.04404284805059433,0.023509223014116287,0.015528834765746957,0.012012615676280314,0.022426810276229503,0.06050033255050262,0.07684850032286916,0.04268613559459568
64,vivid-sweep-118,3,1000.0,-4.749841134818559,-1.4326070547103882,6.182448228629593,gaussian,0.0007358932634815574,0.7186134658776483,0.0004924634122289717,28,0.0008218383882194757,0.002001776359975338,0.7434155997479749,20,0.7351196806984222,0.7278593937035008,0.026680855080485344,0.03132025897502899,0.029044024646282196,0.019714618297768993,0.017846084490288128,0.018900329934140814,0.04827508697602707,0.05306141976150673,0.05025042314923682
65,sweet-sweep-114,3,10.0,-0.6579497263557278,-6.412506081687752e-06,0.6579561388618314,gaussian,2.320079803466797,0.051911847477779285,0.11990091949701309,44,1.6873008012771606,2.2903764247894287,0.059245623881942794,18,0.05295538185447337,0.0542567673384337,0.11452977359294891,0.07006961852312088,0.20470072329044342,1.0641084025418224e-05,6.619090351066769e-06,2.08656258693222e-06,0.999893600481808,0.999933813477435,0.999979134809496
66,lunar-sweep-117,3,1000.0,-4.727505608845036,-1.4354562759399414,6.162961664168318,gaussian,0.0017486050492152572,0.7404191902509298,0.00043683371040970087,25,0.0009598350734449923,0.0009598350734449923,0.7545399883338056,23,0.7453195602233509,0.7545399883338056,0.031596798449754715,0.03827817738056183,0.019202223047614098,0.017383834196075476,0.013907720970527452,0.026676154647456096,0.05439561678670257,0.06707933439168864,0.03613218717477852
67,likely-sweep-115,3,1000.0,-4.7744550712530955,-1.436559557914734,6.211014697514489,gaussian,0.00156091945245862,0.7016047326336176,0.0004403508501127362,28,0.0027649663388729095,0.001142681110650301,0.7255664349604082,18,0.7161952774475335,0.7247477670078386,0.023105042055249214,0.03322478383779526,0.0334138348698616,0.02277439628564637,0.016528522049068295,0.015639476104178707,0.04206205650756075,0.057049875465864146,0.060098045980478194
68,sleek-sweep-116,3,1000.0,-4.730515039565003,-1.4471726417541504,6.17768788413389,gaussian,0.001598276779986918,0.7194902568280974,0.0002751325082499534,32,0.003912119660526514,0.002242866437882185,0.7451410630724533,17,0.7332109307918032,0.7167977069921162,0.03295036777853966,0.041590310633182526,0.03576182946562767,0.016724925420533943,0.012131109174356391,0.015020033633896864,0.05641772680417158,0.07615502900188278,0.0624218414800388
69,lemon-sweep-104,3,10.0,-0.6576155959790669,-6.7548753577284515e-06,0.65762235085425,gaussian,2.928421974182129,0.04886101910670495,0.16661307215690613,46,1.3250187635421753,1.7679558992385864,0.0581024144706012,31,0.05394099949532106,0.056168315860478095,0.18452800810337067,0.1145973801612854,0.1412782073020935,1.0397400181001932e-05,7.956319262456685e-06,3.020290207964709e-06,0.999896036807659,0.9999204431371735,0.9999697980101082
70,good-sweep-113,3,10.0,-0.6576191270035746,-6.984710580582032e-06,0.657626111714268,gaussian,1.1462293863296509,0.049969646700349445,0.19764012098312378,48,0.5985092520713806,0.4282781481742859,0.06039649382318614,11,0.0593483200643843,0.0544530100346285,0.1478535532951355,0.08393801748752594,0.16444610059261322,7.162931922383023e-06,7.1112214761618665e-06,5.3710321135111774e-06,0.9999283758111681,0.9999288928418258,0.9999462925635085
71,likely-sweep-102,3,10.0,-0.6576015555283069,-7.609049589518691e-06,0.6576091645777861,gaussian,1.9796713590621948,0.05096871021453394,0.15764665603637695,30,1.4696494340896606,2.212486505508423,0.05754973954922915,5,0.054061701988470705,0.051201636540264245,0.11966182291507721,0.14530284702777863,0.14674659073352814,4.6982736460126164e-06,1.2341682486592545e-05,9.209234155939958e-06,0.9999530194708136,0.9998765984049672,0.9999079161386589
72,toasty-sweep-109,3,10.0,-0.6580805485048937,-1.6994475799947395e-06,0.6580822479525256,gaussian,1.2594029903411863,0.0525921104742998,0.2963906228542328,25,0.39995476603507996,1.691555380821228,0.05783512928184965,41,0.055746173810805134,0.05478434772856737,0.30649709701538086,0.1847684383392334,0.345337837934494,1.5686981957781254e-06,1.3809966855658079e-05,2.4810478390995755e-06,0.9999843132641196,0.9998619194003285,0.9999751901371535
73,balmy-sweep-108,3,10.0,-0.6578359447034284,-6.330490123218624e-06,0.6578422751935408,gaussian,2.820521831512451,0.05179380911617339,0.21231606602668762,27,1.1261082887649536,1.445451021194458,0.0613491937244694,3,0.04903458706383415,0.055891000610296365,0.20680910348892212,0.20306584239006042,0.23392651975154877,2.1031654175024395e-06,3.328248601407302e-06,1.571339870252487e-05,0.9999789687881461,0.999966718621673,0.9998428907001855
74,vibrant-sweep-105,3,10.0,-0.6581720257903535,-1.9270578377472702e-06,0.6581739528482555,gaussian,0.8535284996032715,0.050807562353784905,0.22482934594154358,41,0.22482934594154358,1.5470856428146362,0.05848637338820659,41,0.05848637338820659,0.0518303726789279,0.19658488035202026,0.30023032426834106,0.09872259199619293,7.843610221520937e-06,1.2372332123577199e-05,1.3747640824472333e-06,0.9999215700495243,0.9998762919843309,0.9999862525481706
75,royal-sweep-107,3,10.0,-0.6580739392236187,-2.15371460399183e-06,0.6580760929381165,gaussian,1.5006816387176514,0.055612095402343055,0.38262617588043213,45,1.5944443941116333,0.38262617588043213,0.059183533226616056,31,0.0521517408153528,0.0521517408153528,0.09047422558069229,0.09349079430103302,0.10107294470071793,2.880069779844161e-06,8.183042421216048e-06,5.440723282449831e-06,0.9999712001316579,0.9999181762714584,0.9999455957271614
76,hopeful-sweep-103,3,10.0,-0.6579427281052367,-3.451983047852991e-06,0.6579461800883706,gaussian,1.6140367984771729,0.05526309977341385,0.1901758462190628,19,1.1231184005737305,1.6147091388702393,0.06331739107993072,6,0.05796667807770919,0.04905112670337911,0.30144888162612915,0.16950464248657227,0.19483144581317902,3.5688336497280426e-06,7.302335790950918e-06,5.0095748827894224e-06,0.9999643129371145,0.9999269819741119,0.9999499067606304
77,firm-sweep-110,3,10.0,-0.6579588780301973,-1.757685276970733e-05,0.6579764548836315,gaussian,2.5514211654663086,0.05265104334801068,0.18220774829387665,13,2.061251401901245,0.6623407602310181,0.06269588375007507,9,0.05481852246929821,0.05642411030417444,0.17420794069766998,0.10332951694726944,0.25436654686927795,3.4003603059740506e-06,6.025453534172021e-06,2.3694652197111957e-05,0.999965997553146,0.9999397490950487,0.9997631096083832
78,silver-sweep-112,3,10.0,-0.6578756306598993,-7.6503756645252e-06,0.6578832810352655,gaussian,2.109608888626098,0.05163062124447347,0.10748190432786942,43,1.3965601921081543,2.4219722747802734,0.05982057567397756,11,0.050395588785578024,0.055761982941916186,0.147827610373497,0.07291965931653976,0.07331642508506775,1.7778553507577857e-06,6.509719709895496e-06,1.38990983868971e-05,0.9999822217625638,0.9999349070402702,0.9998610283319399
79,sweet-sweep-111,3,10.0,-0.6580891371143965,-6.070136805647053e-06,0.6580952072514205,gaussian,1.7188624143600464,0.05728482140281507,0.3192952573299408,42,1.4005577564239502,2.5929348468780518,0.06064929584144715,8,0.05146709063988936,0.05686977160350499,0.32178807258605957,0.32550540566444397,0.6667851805686951,8.567463599203292e-07,6.94070882990231e-06,2.3097826299443933e-06,0.9999914326098016,0.9999305977287106,0.9999769027071979
80,feasible-sweep-106,3,10.0,-0.6580947972766619,-3.063837766603683e-06,0.6580978611143491,gaussian,0.3253866732120514,0.05297122692601693,0.30477190017700195,16,1.5948503017425537,0.924767017364502,0.06501520953296865,28,0.050210563740783726,0.0526587704717882,0.10049887001514435,0.17962339520454407,0.24604478478431702,7.467301732958648e-06,2.1530286550416064e-05,2.3319045929384814e-06,0.9999253325583136,0.9997847434798415,0.9999766814978359
81,solar-sweep-101,3,10.0,-0.6579641205697904,-1.4203390037437202e-06,0.6579655409087389,gaussian,0.8232929706573486,0.05830784770497235,0.10220880061388016,46,0.3805643618106842,0.16518008708953857,0.06072060285662218,35,0.056409988738830415,0.05235876489920762,0.11818639934062958,0.08058963716030121,0.12545005977153778,1.0754663263576195e-05,1.0398233934460918e-06,5.399880876757503e-06,0.9998924649323987,0.9999896018741876,0.9999460041069463
82,flowing-sweep-99,3,100000000.0,172.43238806928798,-23.586423873901367,-148.8459648718596,gaussian,0.10916436463594437,0.8280527387389925,0.10916436463594437,49,0.10916436463594437,0.12770964205265045,0.8280527387389925,49,0.8280527387389925,0.8257067116403782,2.2470828753284877e-07,2.5581977070032735e-07,1.2645135427646892e-07,0.044561566795753293,0.038873489759056135,0.07896514721736825,2.2440857615597204e-07,2.572446541212271e-07,1.2663813196082028e-07
83,rich-sweep-100,3,100000000.0,4.479501055890713,-22.452253341674805,17.97275081585408,gaussian,0.11268849670886992,0.7130740044678652,0.11268849670886993,49,0.17990079522132874,0.11367851495742798,0.7199356390127616,19,0.7130740044678652,0.7133145276397318,2.2590381831832929e-07,1.8528179168697534e-07,1.5975767553300102e-07,0.0443452192957763,0.05376624477455594,0.06350906400857426,2.2550340045152182e-07,1.8599026549143885e-07,1.574578145896115e-07
84,astral-sweep-97,3,100000000.0,131.56273243878348,-22.917726516723633,-108.64500817018808,gaussian,0.0650239884853363,0.9281477606113308,0.04175933822989464,5,0.065920390188694,0.06964518129825592,0.9281567237054315,48,0.7989397239947125,0.9273801240959644,3.5503995832186774e-07,1.3102086882099684e-07,1.0449365817066791e-07,0.028173713430241998,0.07432664896272456,0.09423808291674973,3.549406603908763e-07,1.3454122840386358e-07,1.0611420170433665e-07
85,cosmic-sweep-98,3,100000000.0,42.94493249775267,-21.70279884338379,-21.242134279979226,gaussian,0.18256010115146637,0.8043057009865403,0.18256010115146637,49,0.18256010115146637,0.20122802257537842,0.8043057009865403,49,0.8043057009865403,0.800948228762385,1.0454695598127728e-07,1.877033639630099e-07,1.3184060776438855e-07,0.09516218701046686,0.05421969166023133,0.07619633082985278,1.0508374453460866e-07,1.8443480310284938e-07,1.312398980199076e-07
86,dauntless-sweep-96,3,100000000.0,9.385247257661236,-23.725341796875,14.34009542422353,gaussian,0.20541921257972717,0.7923819408962122,0.18133457005023956,8,0.20541921257972717,0.22429858148097992,0.7923819408962122,49,0.5806042746362827,0.7880642848900153,8.342329493871148e-08,1.346663651702329e-07,2.2481603423329943e-07,0.12044633735475063,0.07582368114242755,0.04547216087777972,8.302451854805525e-08,1.3188490100298542e-07,2.199147260173269e-07
87,youthful-sweep-95,3,100000000.0,2.8828453427395435,-23.780359268188477,20.897511244988323,gaussian,0.00968798715621233,0.7165247482319884,0.00910668820142746,31,0.00968798715621233,0.00968798715621233,0.7165247482319884,49,0.7150573406295536,0.7165247482319884,2.0559127733577043e-07,2.0947736345533485e-07,1.204796262754826e-07,0.047290863489738655,0.04832595890978042,0.08356455497178761,2.114572910599724e-07,2.0692808081445742e-07,1.1966794781228287e-07
88,vivid-sweep-93,3,100000000.0,10.159023594082024,-22.65165901184082,12.492634019036464,gaussian,0.03066124953329563,0.8672359062421238,0.006113568786531687,6,0.03396812081336975,0.03068608045578003,0.8799008707432613,11,0.6583035804541213,0.8698721319298839,9.791824595595244e-08,2.3577958074838534e-07,1.7587879597158462e-07,0.10287937595208874,0.04317152053092442,0.05619385255023723,9.720120223751172e-08,2.3163413196196155e-07,1.779553770851757e-07
89,giddy-sweep-94,3,100000000.0,25.15769331644489,-22.73743057250977,-2.4202611722798473,gaussian,0.09179595112800598,0.880518473274872,0.09179595112800598,49,0.13706770539283752,0.09239263832569122,0.881214036993148,10,0.880518473274872,0.8804655042607451,1.1202480720839958e-07,2.424762897135224e-07,1.5642945072613657e-07,0.08915979942776175,0.040806808241999656,0.06443199167593949,1.1215815807796346e-07,2.4505708680094267e-07,1.5520237987165076e-07
90,stellar-sweep-92,3,100000000.0,15.438206628461346,-20.202938079833984,4.764732138018147,gaussian,0.07854736596345901,0.8556701630769206,0.07854736596345901,49,0.12176213413476944,0.08764352649450302,0.8575606075309631,12,0.8556701630769206,0.8552023462627004,1.7001072194489097e-07,2.194173447378489e-07,9.899786590494841e-08,0.059434676058096395,0.04634745936483166,0.10190015675028974,1.6825191926184604e-07,2.1576151054296773e-07,9.81352662994692e-08
91,swept-sweep-91,3,100000000.0,58.81616751840856,-20.977827072143555,-37.83834130584346,gaussian,0.20381338894367215,0.7473773503153064,0.19862230122089386,8,0.20381338894367218,0.21598516404628754,0.7473773503153064,49,0.5143619367837107,0.7432613217227381,8.439660348358302e-08,1.3625549399876036e-07,2.295040388844427e-07,0.11852437115364012,0.07365839928219486,0.04348572163292008,8.437082651405921e-08,1.3576182403951612e-07,2.299604864513693e-07
92,amber-sweep-90,3,100000000.0,73.89572171180255,-22.52181053161621,-51.37391266537514,gaussian,0.0634060800075531,0.9590774157133922,0.0094215776771307,6,0.0634060800075531,0.06627227365970612,0.9590774157133922,49,0.41359989886177123,0.9584906012540052,1.0993424837124621e-07,2.798315676955099e-07,1.3717121305489854e-07,0.09390127004502702,0.03653060754227888,0.07493338828695428,1.0649482089280205e-07,2.737429770637316e-07,1.3345184161681045e-07
93,whole-sweep-76,3,1000000.0,-1.6569247604578807,-13.787785530090332,15.44470914613903,gaussian,0.04069286957383156,0.890960923113825,0.04069286957383156,48,0.04534325748682022,0.042429886758327484,0.8914231192155423,45,0.890960923113825,0.8910721793111569,1.8001688658841886e-05,3.4027536457870156e-05,2.5634921257733367e-05,0.05555129222108236,0.02882152483386613,0.03977739634827859,1.8001057382479982e-05,3.469508676856136e-05,2.5139273872293118e-05
94,cool-sweep-72,3,1000000.0,-1.297841000907515,-13.005453109741213,14.303292783134076,gaussian,0.0074988161213696,0.6936396666781843,0.0074988161213696,49,0.0074988161213696,0.011190498247742653,0.6936396666781843,49,0.6936396666781843,0.6917886012937782,1.8356780856265686e-05,4.6334902435773984e-05,1.4140915482130367e-05,0.05397359129169588,0.021907070549801233,0.06912330229091879,1.852723616925011e-05,4.564527933789554e-05,1.446669213081338e-05
95,dainty-sweep-71,3,1000000.0,-1.2400579344384717,-12.900303840637209,14.140361421580398,gaussian,0.02077130414545536,0.9669022532202776,0.01391439326107502,6,0.02077130414545536,0.026653608307242393,0.9669022532202776,49,0.4045886246728133,0.9662530017056988,1.1247538168390747e-05,3.9122831367421895e-05,1.218754277942935e-05,0.08983444800713247,0.02519541166408601,0.08238330195610288,1.1131463383146986e-05,3.968819105402066e-05,1.2138234788137594e-05
96,sweet-sweep-70,3,10000000000.0,12462.137301613664,-28.409334182739254,-12433.727966678158,gaussian,0.04473714157938957,0.8554530573522637,0.025149371474981308,7,0.04023069888353348,0.046732183545827866,0.8584890187558311,9,0.6215539558571641,0.8557805123017898,1.9036329845789624e-08,8.985589161625285e-09,1.492507983869018e-08,0.03980083642496113,0.05351722625745482,0.09119234563009204,2.512510005594604e-09,1.8685572255197833e-09,1.0965832625467991e-09
97,genial-sweep-69,3,10000000000.0,6044.69553880394,-26.529611587524418,-6018.165927608058,gaussian,0.23876440525054932,0.9223918415865908,0.23876440525054932,49,0.23876440525054932,0.2588008940219879,0.9223918415865907,49,0.9223918415865907,0.9189822752163008,6.4382286169006875e-09,6.56430731993396e-09,1.2653583958410763e-08,0.11479314291673948,0.08744620040105477,0.045851337513634016,8.711321719400756e-10,1.1435602625044161e-09,2.1809614550975443e-09
98,sleek-sweep-68,3,10000000000.0,15485.804275632623,-25.906877517700195,-15459.897403135066,gaussian,0.19172313809394836,0.7954897612508796,0.19172313809394836,49,0.19172313809394836,0.2066008299589157,0.7954897612508796,49,0.7954897612508796,0.7943531909333326,1.001267957434493e-08,1.1724076820485152e-08,5.847982542661612e-09,0.09521656531524059,0.055820088741415086,0.0805204035785545,1.0502374199688763e-09,1.7914697392205892e-09,1.2419212451940752e-09
99,noble-sweep-67,3,10000000000.0,14210.643121887426,-27.034406661987305,-14183.60871477276,gaussian,0.06227774918079376,0.9316308874136296,0.037256255745887756,5,0.06265159696340561,0.06475657224655151,0.9316669388458985,48,0.8210912725688246,0.9312532105799685,1.3654293695708475e-08,1.0169249442526507e-08,7.449324712638372e-09,0.027811138242489486,0.07512899961817343,0.09021242024758536,3.595681657058292e-09,1.3310439427534448e-09,1.1084948127397916e-09
100,flowing-sweep-66,3,10000000000.0,1363.4388139281798,-26.699113845825195,-1336.7396960591204,gaussian,0.20247021317481995,0.7874678774167369,0.19471494853496552,8,0.20247021317481995,0.21826685965061188,0.7874678774167369,49,0.5728973618922902,0.7834446316928174,1.4345235221924213e-08,1.7489725223640562e-08,2.712628521805982e-08,0.11896284352411612,0.07665550195989912,0.04716632985952174,8.405986016605946e-10,1.3045377998028027e-09,2.1201564778480804e-09
101,different-sweep-65,3,10000000000.0,938.296221939254,-24.94879150390625,-913.347430669316,gaussian,0.002147440565750003,0.7062505816574078,0.002092239446938038,36,0.003988988231867552,0.002112854039296508,0.715221677739272,9,0.7073446811960882,0.706440570194772,4.6486572813364546e-08,1.0861516841487173e-07,4.67212828425545e-08,0.04850022167790158,0.0541094581581234,0.08909508082768358,2.0618462418158166e-09,1.8481057326976121e-09,1.1223964214272132e-09
102,pretty-sweep-63,3,10000000000.0,3277.0974323190353,-26.57994079589844,-3250.517494076441,gaussian,0.029881836846470833,0.8652420418558068,0.005569781176745892,6,0.030041484162211418,0.0303607489913702,0.8762372883615172,8,0.6650991724952819,0.8665476348908044,1.0797660543460097e-08,9.407997936250467e-09,1.8024927328497142e-08,0.10667241721240917,0.04300057951823888,0.057613967216241235,9.374494599398848e-10,2.3255500481110856e-09,1.7356902268351555e-09
103,serene-sweep-64,3,10000000000.0,9750.116378217206,-26.590316772460938,-9723.526061312505,gaussian,0.0919596552848816,0.8831045775425092,0.09195965528488159,49,0.1321718692779541,0.09395373612642288,0.8863130515931604,10,0.8831045775425092,0.8831709455297492,1.0176213649515375e-08,1.1283990630772678e-08,2.0521188304201132e-08,0.08993734377737983,0.043143870352091676,0.06366002422595685,1.1118851823814094e-09,2.3178263552187136e-09,1.5708445144157105e-09
104,amber-sweep-62,3,10000000000.0,11356.22831757298,-24.651695251464844,-11331.57662093805,gaussian,0.08297083526849747,0.8683197801324891,0.08297083526849747,49,0.09237919002771378,0.08570140600204468,0.8693074749423487,30,0.8683197801324891,0.8687844728456959,2.7471553920577207e-08,2.1671583638749325e-08,1.4119661884137713e-08,0.06578856843638992,0.05153605540320627,0.11279113907632166,1.5200209128229712e-09,1.940389093103538e-09,8.865944677061395e-10
105,frosty-sweep-61,3,10000000000.0,2667.5291576148284,-22.367738723754883,-2645.1614196082364,gaussian,0.16249734163284302,0.7804971092946734,0.16249734163284302,38,0.16249734163284302,0.1654118448495865,0.7804971092946734,38,0.7804971092946734,0.7793644066217025,8.090865577514705e-08,6.826702758644387e-08,9.346259588483008e-08,0.1256106467290019,0.07962428050464965,0.045940716333547904,7.961108594252639e-10,1.2558983169533403e-09,2.176718339703028e-09
106,laced-sweep-60,3,10000000000.0,9906.37469732744,-21.538272857666016,-9884.836423279588,gaussian,0.0559735931456089,0.8264840914435952,0.006681047845631838,7,0.0559735931456089,0.06068313494324684,0.8264840914435952,38,0.7009321942496994,0.8255028012035645,1.237367541762069e-07,3.323990256376419e-07,2.468126183430286e-07,0.07373833409616282,0.03933297435470795,0.03019266080253047,1.3561467192081454e-09,2.542396078261265e-09,3.3120631640525243e-09
107,happy-sweep-59,3,10000000000.0,12858.67538457833,-23.420515060424805,-12835.25487012317,gaussian,0.23434817790985107,0.652677163471357,0.23434817790985107,38,0.23434817790985107,0.2540585398674011,0.652677163471357,38,0.652677163471357,0.6491682963560781,5.019996152100248e-08,2.624875889978284e-07,1.687843820263879e-07,0.0914074217573182,0.03453851450882527,0.09560697369317328,1.094003068548354e-09,2.895318491040377e-09,1.0459488051188626e-09
108,eager-sweep-58,3,10000000000.0,2205.6616438173064,-23.030649185180664,-2182.6309941387585,gaussian,0.09306664019823074,0.9479154414810989,0.014245234429836273,6,0.09306664019823074,0.09647910296916962,0.9479154414810989,38,0.4183581225947657,0.9471200719898213,5.6790135261053365e-08,2.0331573580278928e-07,1.2198502474802808e-07,0.10134973146320192,0.035359827364507476,0.08273269229420155,9.866824357362978e-10,2.8280680979106943e-09,1.2087120230963093e-09
109,likely-sweep-138,3,99999.99999999999,-4.595544290106833,-8.301801681518555,12.897345173082096,gaussian,0.00012587483797688037,0.8275099795229641,2.297973696840927e-05,45,0.0002424252888886258,0.00012587483797688037,0.8307036622690879,23,0.8271477183844522,0.8275099795229641,0.00015701921074651182,0.00020593474619090557,0.000398649659473449,0.06269667098878529,0.048319977580835186,0.024537338569885492,0.0001594726660228613,0.00020691091741713142,0.00040737613862009195
110,pleasant-sweep-139,3,99999.99999999999,-4.127077077503127,-8.285228729248047,12.412305148080112,gaussian,0.00013172277249395847,0.6850425482176244,9.169260920316447e-06,25,0.005391325801610947,7.205581641755998e-05,0.6902425167900617,15,0.6865391123783312,0.6849922928917601,0.00010376532736700028,0.0001416052837157622,0.00011503427231218666,0.09512017721400312,0.06983610091847314,0.08792606909956735,0.00010511911459498475,0.00014317191465952205,0.00011371897905371803
111,swift-sweep-137,3,99999.99999999999,-4.60704954348548,-8.313895225524902,12.920944397713184,gaussian,0.0001296526606893167,0.9574221296610442,3.906122947228141e-05,37,0.0001296526606893167,0.00013224410940892994,0.9574221296610442,49,0.9566634537327814,0.9568562948500698,0.0001502711238572374,0.0003045822086278349,0.0002215066779172048,0.06540496827125342,0.03247566890479647,0.04541939702465414,0.0001528702109666007,0.00030782804655512305,0.00022012178578053958
112,atomic-sweep-152,3,10000000000.0,1994.218028734543,-28.049741744995117,-1966.168290839849,gaussian,0.08102329820394516,0.6839135025074213,0.08102329820394516,49,0.10439363867044449,0.08258310705423355,0.6867105071531032,27,0.6839135025074213,0.6843247304127889,6.2055915961423125e-09,6.404319297104166e-09,3.49131790144952e-09,0.10221485655912321,0.06549746818976221,0.1097950929084277,9.783313626657077e-10,1.5267765703186854e-09,9.107875157255356e-10
113,amber-sweep-151,3,10000000000.0,8001.179367177681,-25.702533721923828,-7975.476830475208,gaussian,0.03150728717446327,0.8474687510031876,0.019364643841981888,7,0.03150728717446327,0.03215427324175835,0.8474687510031876,49,0.6116726824235451,0.8468795247840363,1.4050820063005176e-08,3.678832172226976e-08,2.2639120800249657e-08,0.06729439534334247,0.0505264473247502,0.03359095978208359,1.486007851637415e-09,1.9791615103937697e-09,2.9769914390965946e-09
114,snowy-sweep-150,3,10000000000.0,583.680075523083,-27.114259719848633,-556.5658149436559,gaussian,0.0433773547410965,0.942702301502496,0.029102101922035217,6,0.0433773547410965,0.0433773547410965,0.9427023015024961,49,0.6938983297139598,0.9427023015024961,8.218261626780077e-09,1.0598059319022468e-08,4.388732932625317e-09,0.07589514286741039,0.032189652210945496,0.057876137353161994,1.3176073736752865e-09,3.1065883854233753e-09,1.7278278129899047e-09
115,lyric-sweep-149,3,10000000000.0,5137.261630787684,-25.192955017089844,-5112.068674254888,gaussian,0.1545536071062088,0.7098441810741399,0.1545536071062088,49,0.1545536071062088,0.1562020480632782,0.7098441810741399,49,0.7098441810741399,0.7095272010451239,2.3792514625142758e-08,1.6180612405491956e-08,3.1211023099331214e-08,0.052887534256118585,0.05794857378947782,0.07259893889690616,1.8908047277577606e-09,1.7256680067869242e-09,1.377430598596786e-09
116,apricot-sweep-148,3,10000000000.0,798.4135523585977,-26.16169548034668,-772.2518585058551,gaussian,0.10266603529453278,0.8294147313113632,0.10266603529453278,49,0.10266603529453278,0.11682744324207306,0.8294147313113632,49,0.8294147313113632,0.8264076687260957,5.086883447802393e-08,3.406664816907323e-08,2.2254523557307948e-08,0.04683857519056667,0.03940856530422843,0.08426480517729207,2.134992351488968e-09,2.5375194193004116e-09,1.1867350748741158e-09
117,youthful-sweep-147,3,10000000000.0,1808.2747506941744,-24.825525283813477,-1783.4492229435232,gaussian,0.13590799272060394,0.7293555833582812,0.13590799272060394,49,0.13590799272060394,0.14537280797958374,0.7293555833582812,49,0.7293555833582812,0.7274919965429687,2.095045559258324e-08,4.08161016096642e-09,9.109541565521795e-09,0.037336953028843434,0.09707366650788174,0.07685539580117862,2.678311742656588e-09,1.030145491505321e-09,1.301144816540675e-09
118,drawn-sweep-114,3,10000.0,-4.694648642708368,-4.721750736236572,9.41639927721968,gaussian,0.0002560056163929403,0.8179872455839642,5.2092233090661466e-05,20,0.00018805185391101986,0.00012482452439144254,0.8286081283039287,16,0.824335675648654,0.8184469231285687,0.001647939789108932,0.0022672447375953197,0.0013665390433743596,0.05590727142585994,0.04077134448259857,0.06829318642849103,0.0017854824463708393,0.002446701992947066,0.0014621339525473886
119,fluent-sweep-113,3,10000.0,-4.7531497251331025,-4.712623119354248,9.465772354934536,gaussian,0.0004365984641481191,0.7788238570356683,0.00018021900905296206,45,0.0003784815489780158,0.0003662490926217288,0.7944849994672103,14,0.7778141664596042,0.7832608500547183,0.002256975043565035,0.002750408835709095,0.00474568409845233,0.040859852061864155,0.03415323714543761,0.019616659627416988,0.002441415067831884,0.002919432098502246,0.005071853036451726
120,firm-sweep-112,3,10000.0,-4.789461095945471,-4.717013359069824,9.506474577085609,gaussian,0.00039600246236659586,0.9516624287576542,2.795918771880679e-05,10,0.0002022806875174865,0.00039600246236659586,0.9520102165638434,48,0.9440669806396867,0.9516624287576542,0.002034440403804183,0.002640537451952696,0.002933117561042309,0.044847636557490356,0.03460618530746107,0.0319443635615011,0.0022248110837172676,0.002881330780496415,0.0031206736188745064
121,lilac-sweep-111,3,10000.0,-4.674775583279826,-4.708505630493164,9.38328118961324,gaussian,0.0004966697888448834,0.66060601310047,0.0001463330554543063,21,0.0002671063703019172,0.0005346145480871201,0.6631294691218279,20,0.6612929767120899,0.6588473306372914,0.0031788216438144445,0.0028201814275234938,0.0020541991107165813,0.02916704115492852,0.033170303434728377,0.04610578368090401,0.0034168127714256547,0.003005683437669447,0.0021642312289430585
122,vital-sweep-110,3,10000.0,-4.640989093186797,-4.7137861251831055,9.354774864874624,gaussian,0.00017410406144335866,0.8547165160284794,6.0010275774402544e-05,17,6.0010275774402544e-05,0.00039475123048759997,0.8736917983289041,17,0.8736917983289041,0.8577901922485462,0.0031502244528383017,0.003835003124549985,0.0016219110693782568,0.030533162019184212,0.0244110823587107,0.057428899606325245,0.0032644361015481964,0.004079787197339419,0.001738256783708846
123,likely-sweep-109,3,10000.0,-4.639505202586493,-4.695730686187744,9.335235863342929,gaussian,0.0004987640422768891,0.6766909747283794,0.00018013763474300504,33,0.00048672486445866525,0.0006311200559139252,0.6808557338994046,15,0.6729237096658485,0.6756775138289035,0.004083186853677034,0.0024935335386544466,0.002045511966571212,0.023168445734288667,0.0391205114998352,0.04544758264387472,0.004297665651670011,0.0025496862783245494,0.002195506198031963
124,neat-sweep-92,3,1000.0,-4.765440004301771,-1.4351972341537476,6.200637259754245,gaussian,0.0020029067527502775,0.7159748041278605,0.0006002655136398971,36,0.0010413563577458262,0.0012747090077027678,0.7340599374426469,28,0.7228460338665126,0.7288676949779322,0.041690926998853683,0.043441466987133026,0.033789485692977905,0.01241596839588888,0.012374843070774022,0.01557498336507224,0.07453804082502422,0.0747672323860865,0.06033188558772599
125,dainty-sweep-91,3,1000.0,-4.765391156334285,-1.4294350147247314,6.1948262136564685,gaussian,0.002724075224250555,0.6864010884578763,0.00042346317786723375,43,0.0011177457636222243,0.002457544906064868,0.7223782984738469,20,0.6928969975544572,0.7183158167581634,0.038781531155109406,0.048799946904182434,0.030340328812599182,0.014535332876761457,0.011140792763632282,0.017685056678264033,0.06436939639033104,0.08236694419128031,0.05351870305875394
126,super-sweep-90,3,1000.0,-4.768252776610564,-1.4292808771133425,6.1975335580385815,gaussian,0.0019509430276229975,0.5647383754188883,0.0005819486104883254,14,0.0005819486104883254,0.0036356595810502768,0.6105075322937752,14,0.6105075322937752,0.5808638467572614,0.053522106260061264,0.05160406976938248,0.030538363382220268,0.010279904237436244,0.010504297929787632,0.01836835933956693,0.08865323489903007,0.08692403535645048,0.05163059929176013
127,fragrant-sweep-89,3,1000.0,-4.712540601311332,-1.4237895011901855,6.136330138105359,gaussian,0.0018968861550092695,0.5376650848295509,0.0007073592860251665,19,0.002404000610113144,0.0011043675476685166,0.5636568555311323,13,0.5582365662198163,0.5348968784930178,0.04762400686740875,0.03822150453925133,0.02070268802344799,0.01141532839735554,0.014287499220495603,0.02692226886880733,0.08054559396213794,0.06541292238689522,0.03581370857427439
128,splendid-sweep-86,3,1000.0,-4.7549784225384,-1.435269832611084,6.190248284395497,gaussian,0.0028306019958108664,0.6469751792351872,0.0004996833740733564,29,0.0014626261545345187,0.003286115126684308,0.6855342738185851,15,0.6727428428952331,0.6795942778579847,0.056369032710790634,0.030279897153377533,0.026979535818099976,0.009236264469003608,0.017290832853981364,0.02058433478101329,0.09769188780029044,0.05467219606581939,0.04632989666559714
129,olive-sweep-85,3,1000.0,-4.744720905506266,-1.4414987564086914,6.186219427311077,gaussian,0.0017021242529153824,0.6451400626839235,0.00041738382424227893,23,0.0009514859411865473,0.0016623305855318904,0.6828757536974188,21,0.6777040713475039,0.6555665181396922,0.02134963683784008,0.03608722984790802,0.03489760681986809,0.025307873043543205,0.015084918299098863,0.015158087356273386,0.038011434764979306,0.062170039126404744,0.06188851303689416
130,fluent-sweep-84,3,1000.0,-4.76220157338266,-1.4324313402175903,6.194632903109832,gaussian,0.0029928588774055243,0.5430081585046833,0.0004073422751389444,33,0.0008698793826624751,0.0028953247237950563,0.5939359832551772,16,0.5669229341350948,0.5549078403342476,0.0373661108314991,0.03604471683502197,0.024468671530485153,0.015191287997146086,0.015278869656193628,0.022163751746626888,0.06176160909349907,0.06142932655152317,0.04317089955626987
131,dazzling-sweep-80,3,1000.0,-4.757484668052471,-1.428737998008728,6.186222574190574,gaussian,0.00044302368769422174,0.7108204277136648,0.0003873100213240832,21,0.0014575335662811995,0.0014431254239752889,0.7288995954300064,17,0.7236942471696178,0.7146464722093459,0.03316608816385269,0.05031320080161095,0.04005403444170952,0.016617009533171023,0.011387189861072011,0.013162634513142143,0.056763322862322496,0.08072856000557482,0.07060833202128143
132,sleek-sweep-79,3,1000.0,-4.745130637895078,-1.4311087131500244,6.176239364396543,gaussian,0.0025777944829314947,0.5631873480640521,0.0006539510213769972,34,0.0009108111262321472,0.0046385969035327435,0.5988891536688831,16,0.564584682254481,0.5613392790456521,0.03134876862168312,0.054244980216026306,0.04311807081103325,0.017686051472282083,0.010054314075632013,0.012878661133536303,0.05351585387010991,0.09046241975378527,0.07205305975686709
133,blooming-sweep-58,3,10.0,-0.6580441085805816,-4.859924501943169e-06,0.658048968504898,gaussian,1.8480758666992188,0.05199796149508803,0.282283216714859,32,0.7300670742988586,0.7300670742988586,0.06171644526798262,30,0.056117065173695226,0.06171644526798262,0.4046488106250763,0.15600696206092834,0.20320430397987366,5.269642612960748e-06,2.5476641790091745e-05,3.7802640894384765e-06,0.9999473063506374,0.9997452984714952,0.9999621987880911
134,woven-sweep-55,3,100000000.0,8.602931244350188,-21.75114631652832,13.14821495519408,gaussian,0.03714210167527199,0.9478943831646668,0.03574571758508682,6,0.03714210167527199,0.037327270954847336,0.9478943831646667,36,0.8142747712142112,0.9478261865822288,1.7615326441955403e-07,3.332012568080245e-07,1.8187567718541686e-07,0.07905727872327262,0.032733881403007814,0.056798542736766544,1.2649055085867414e-07,3.054937733153575e-07,1.7606082405558993e-07
135,elated-sweep-51,3,100000000.0,43.76377578701117,-23.364259719848633,-20.39951423102157,gaussian,0.03241199627518654,0.8693406355870407,0.02567720226943493,7,0.028893902897834778,0.03287360444664955,0.8695848642070775,15,0.5969391177654855,0.8693591029614134,5.037881578573433e-07,2.7260429646958073e-07,2.9095042464177823e-07,0.03555057818751295,0.04925169345796476,0.09508286338046901,2.812892981476035e-07,2.0303866258219432e-07,1.0517141146950342e-07
136,resilient-sweep-52,3,100000000.0,30.189795992614968,-20.152971267700195,-10.036825075866927,gaussian,0.15098336338996887,0.7258217261639043,0.15098336338996887,36,0.15098336338996887,0.16186586022377014,0.7258217261639043,36,0.7258217261639043,0.7233436819048574,4.4080388761358336e-07,1.0726623145274061e-07,1.8298781867542857e-07,0.035944811498268336,0.10608405231153384,0.08106247667825617,2.7820419140158356e-07,9.426486676795336e-08,1.233616239739948e-07
137,glowing-sweep-40,3,100000000.0,41.623430563303344,-22.409915924072266,-19.21351494440686,gaussian,0.2341613918542862,0.6521546924283507,0.2341613918542862,37,0.2341613918542862,0.24114562571048737,0.6521546924283507,37,0.6521546924283507,0.650774297069441,1.291381437340533e-07,4.876738444181683e-07,2.634892837249936e-07,0.0915219248629251,0.03414277341897454,0.094874279859547,1.0926342428159187e-07,2.928876617142641e-07,1.0540263347218847e-07
138,dandy-sweep-41,3,100000000.0,25.80928215565709,-20.288253784179688,-5.5210313164236835,gaussian,0.05660805106163025,0.8168678718119173,0.007465976756066084,7,0.10949810594320297,0.05660805106163025,0.8213535411193379,16,0.7012781834995729,0.8168678718119173,2.9864227713005675e-07,6.926960622877232e-07,6.347838166220754e-07,0.07355904286499992,0.04308382705804448,0.03028566499488594,1.3594519791265682e-07,2.3210560346627326e-07,3.301891076123813e-07
139,summer-sweep-30,3,10000000.0,5.855365192263628,-18.09459686279297,12.239232291053431,gaussian,0.16127528250217438,0.803239815797145,0.16127528250217438,37,0.16127528250217438,0.21580256521701813,0.803239815797145,37,0.803239815797145,0.7931283790721801,1.0759566748674843e-06,1.8385037492407719e-06,1.2937877045260393e-06,0.09299208435170048,0.05485021967431637,0.07677378852131156,1.075359189561519e-06,1.8231434309547867e-06,1.3025261833942557e-06
140,gentle-sweep-31,3,10000000.0,1.5907732431319987,-18.27421760559082,16.68344259752556,gaussian,0.22348111867904663,0.8897996578438664,0.22348111867904663,38,0.22348111867904663,0.23429174721240997,0.8897996578438664,38,0.8897996578438664,0.8880213001188978,8.880045925252489e-07,1.1267619584032218e-06,2.189783117501065e-06,0.11462052271332368,0.08882564034770812,0.045692975953572024,8.724433494844016e-07,1.1257997919133606e-06,2.188515391294916e-06
141,devoted-sweep-23,3,10000000.0,2.2116613974387453,-16.42189598083496,14.210235086936256,gaussian,0.07946500927209854,0.8272743143835807,0.07946500927209854,41,0.07946500927209854,0.09634265303611755,0.8272743143835807,41,0.8272743143835807,0.8210344688170517,1.0454831453898805e-06,1.3996475445310352e-06,2.279869704580051e-06,0.09531493440864214,0.07100636421733952,0.043571160395982966,1.049152430363421e-06,1.4083224830617655e-06,2.2950908257228074e-06
142,splendid-sweep-22,3,10000000.0,14.436152601028295,-17.87028694152832,3.434133974289088,gaussian,0.04668216034770012,0.8247452167268098,0.00859026424586773,7,0.04668216034770012,0.05488195642828941,0.8247452167268098,41,0.7035260139899967,0.8243947241735167,1.3421844187178067e-06,2.395363935647765e-06,3.286004584879265e-06,0.07465960901481683,0.04247666413677109,0.030411649695679444,1.3394105243586495e-06,2.35422829474509e-06,3.2882027834855842e-06
143,icy-sweep-21,3,10000000.0,2.8548644804127647,-19.496192932128903,16.641328222834304,gaussian,0.18129625916481015,0.6606788158757159,0.18129625916481018,41,0.18129625916481018,0.20435138046741486,0.6606788158757159,41,0.6606788158757159,0.6564174661405141,1.20511390377942e-06,3.2156467568711378e-06,1.0999175401593675e-06,0.082228598412045,0.031206350048501585,0.09137659099821249,1.2161204291341651e-06,3.204465738479652e-06,1.0943709922911981e-06
144,eager-sweep-20,3,10000000.0,0.15086422325627596,-18.791946411132812,18.641079909230708,gaussian,0.0702495127916336,0.9554433289728714,0.013580787926912308,6,0.0702495127916336,0.0702495127916336,0.9554433289728714,41,0.41351336941849953,0.9554433289728714,1.04453511085012e-06,2.8850633952970384e-06,1.2505391850936576e-06,0.09709669567656931,0.034966762083573855,0.08063785978664217,1.0299001043567009e-06,2.8598505568212346e-06,1.2401107402095405e-06
145,vocal-sweep-19,3,1000000.0,0.2674762789176329,-14.8099946975708,14.542519214653332,gaussian,0.008929206989705563,0.6913051333777348,0.008929206989705563,41,0.013649675995111465,0.00984774250537157,0.6920469539976961,34,0.6913051333777348,0.6915927364750372,1.549694025015924e-05,1.4562400792783592e-05,1.4746678061783314e-05,0.06446805084167195,0.06860407175645378,0.06859790520462017,1.5511318794748145e-05,1.4576181824427997e-05,1.4577492119111102e-05
146,dandy-sweep-18,3,1000000.0,-1.652507852575542,-13.933838844299316,15.586347571712096,gaussian,0.006254182197153568,0.8611002914199929,0.005838804878294468,40,0.006254182197153568,0.00600996520370245,0.8611002914199929,42,0.8600739427984273,0.8605175962919938,2.118829797836952e-05,2.123331796610728e-05,3.629496131907217e-05,0.04711655073556842,0.04821282193920329,0.027143095996259525,2.1223514049195117e-05,2.0740940248648635e-05,3.6840423793734026e-05
147,worldly-sweep-4,3,1000000.0,-2.225482667221233,-11.803092002868652,14.02857487608354,gaussian,0.0013573735486716032,0.8561419135097217,0.0013573735486716032,49,0.0013573735486716032,0.0025117110926657915,0.8561419135097217,49,0.8561419135097217,0.8541557566026413,1.036899811879266e-05,1.2677026461460628e-05,2.2337484551826492e-05,0.09640872989514637,0.07776835303595764,0.0445800647085548,1.0372397071204155e-05,1.2858535669412569e-05,2.2431047946867606e-05
