,name,dim,gamma_square,neg_elbo,kl_loss,rec_loss,prior,cima,mcc,min_cima,min_cima_step,cima4max_mcc,cima4min_neg_elbo,mixing_linear_map_cima,mixing_cima,max_mcc,max_mcc_step,mcc4min_cima,mcc4min_neg_elbo,min_neg_elbo,min_neg_elbo_step,mse_sources_mean_decoded_sources,mse_obs_decoded_mean_latents,sigma_0,sigma_1,sigma_2,col_norm_sq_0,col_norm_sq_1,col_norm_sq_2,rhs_0,rhs_1,rhs_2
0,fancy-sweep-117,3,99999.99999999999,-3.7800297570188897,-8.575301170349121,12.355331423278653,uniform,0.003937497269362211,0.945642789493334,0.0010182876139879227,7,0.0022540180943906307,0.004039390478283167,0,-1,0.9744257859766021,8,0.9741652004936227,0.9454097463432262,-4.116581215108051,32,6.992764472961426,0.13633283972740173,0.005887713748961687,0.009572690352797508,0.008590727113187313,0.06021095646389085,0.045368472923140724,0.05132347695795492,0.0001660827295775829,0.0002204173814036263,0.00019484260601034835
1,twilight-sweep-116,3,99999.99999999999,-3.7554117031859775,-8.391400337219238,12.14681130544021,uniform,0.0032652372028678656,0.9606268128271356,0.00026886368868872523,3,0.00426735682412982,0.0036987659987062216,0,-1,0.9630114523357713,14,0.8254841766850521,0.9606007241028399,-4.229104518614786,25,15.384982109069824,0.22300291061401367,0.00725887855514884,0.006904541049152613,0.010383718647062778,0.05711227854786305,0.04911591025171802,0.04281334490230737,0.00017509369708686168,0.00020360001369719525,0.00023357203280468432
2,cerulean-sweep-115,3,99999.99999999999,-3.4592411195008257,-8.425379753112793,11.884621142185557,uniform,0.001991610275581479,0.9470050179472068,0.0006081746541894972,4,0.001566738123074174,0.0022013727575540543,0,-1,0.9611834667119791,10,0.918849788868072,0.9471084313403347,-4.131918365659124,34,13.007463455200195,0.12483777105808258,0.008930996060371399,0.010304626077413559,0.004954210482537746,0.046543899856055226,0.044134888954433515,0.06512002716343446,0.00021485092634967564,0.00022657811624550295,0.00015356258950725837
3,mild-sweep-114,3,99999.99999999999,-3.688002431696636,-8.437675476074219,12.125678022211776,uniform,0.006163022480905056,0.9534808295145686,0.0004493052256293595,2,0.0015914287650957704,0.007073451764881611,0,-1,0.974564960170206,7,0.9694289785708888,0.9539605197565136,-4.156571153161739,30,12.701055526733398,0.0750771313905716,0.008365083485841751,0.006310555152595043,0.009031852707266808,0.048874523867571185,0.053765968357782024,0.04416171499443089,0.00020460557379741796,0.00018599125628047234,0.00022644048133685645
4,misunderstood-sweep-113,3,99999.99999999999,-3.828813684331887,-8.697073936462402,12.525886974838883,uniform,0.012004434131085873,0.9550917178085412,4.5482636778615415e-05,5,0.0012881673173978925,0.010434509254992008,0,-1,0.9734835233941321,8,0.9554233596498894,0.9581738091577455,-3.8693783960831425,24,12.686101913452148,0.1123841181397438,0.007309599779546261,0.0038565178401768208,0.005925320088863373,0.05111978047587318,0.07189860575711382,0.05658594748785917,0.00019561899340940375,0.00013908475546496363,0.0001767223214234516
5,crimson-sweep-112,3,99999.99999999999,-4.265572637792958,-8.35550308227539,12.621076393998194,uniform,0.007234021555632353,0.9679242628007488,0.0006634762976318598,2,0.009020742028951645,0.009169344790279865,0,-1,0.9764955833209479,27,0.6774097045933621,0.9687108588136968,-4.266053031075038,37,13.606918334960938,0.11829578876495361,0.011236915364861488,0.008409959264099598,0.005828067660331726,0.04302542663721454,0.04707720158556605,0.05439520174934742,0.0002324207051871642,0.00021241704398729635,0.00018383974465394773
6,wandering-sweep-111,3,99999.99999999999,-3.983424183315015,-8.514846801757812,12.498271664088946,uniform,0.000938379904255271,0.9604001638910742,0.0008484344580210745,8,0.0027249909471720457,0.0036208853125572205,0,-1,0.9678090140405193,13,0.9617982569570768,0.9606915682934711,-3.986596183352981,22,6.497276782989502,0.1081242561340332,0.00807677861303091,0.004301318433135748,0.006246027536690235,0.04425478004944439,0.06292269827253083,0.05507060256359697,0.00022596429106250975,0.00015892516173874162,0.00018158508413725343
7,lively-sweep-113,3,99999.99999999999,-3.944195986139918,-8.430634498596191,12.37483284730528,uniform,0.004619624000042677,0.957689107277604,0.002617449965327978,3,0.008990434929728508,0.005289723630994558,0,-1,0.972354195598973,17,0.8519478190351091,0.9634414038814725,-4.194032663523333,28,15.924103736877441,0.2212810069322586,0.007109188009053469,0.008671730756759644,0.009170901961624622,0.04914517397678342,0.05165072144866745,0.045030408753144124,0.0002034787791111307,0.00019360813788319302,0.0002220721569466495
8,hopeful-sweep-112,3,10000.0,-4.8520173566107925,-4.670870780944824,9.522886780794956,uniform,0.001142323832027614,0.9722157781899836,0.00032629139604978263,52,0.0007767003262415528,0.0005477498634718359,0,-1,0.9734080068554036,51,0.9725671733288221,0.9729659855707242,-4.889961666025329,50,28.678768157958984,0.40111422538757324,0.1761140078306198,0.1814233809709549,0.18737393617630005,0.03215617815296756,0.033837204866406845,0.03227767540946247,0.0031098223030205287,0.0029553268479122737,0.003098116538178092
9,stellar-sweep-111,3,10000.0,-4.766297660187805,-4.726625919342041,9.492922484711723,uniform,0.003053625812754035,0.9538571375891804,0.0007064921082928777,2,0.003053625812754035,0.0038929430302232504,0,-1,0.9538571375891804,26,0.8994347854056964,0.952183612363735,-4.770192608000208,21,10.274015426635742,0.18862614035606384,0.12323138117790222,0.15317228436470032,0.1581706702709198,0.0399252799735097,0.03374829426669468,0.03243512220405109,0.002504678741547954,0.0029631127194089755,0.003083077639445741
10,icy-sweep-110,3,10000.0,-4.726842067698647,-4.703607559204102,9.430450677216069,uniform,0.001905446406453848,0.9568025729937276,0.0008517697569914162,24,0.0017614949028939009,0.0018561235629022121,0,-1,0.9596788167438334,18,0.9564151425412538,0.9560368516258166,-4.741171798687771,25,15.517538070678711,0.2026975452899933,0.18041568994522095,0.12002994865179062,0.15098989009857178,0.03161695194183167,0.03656790380914843,0.038199779446381976,0.003162860233458883,0.002734638565062686,0.0026178161614875844
11,smooth-sweep-120,3,1000000.0,-2.208658554449993,-13.102924346923828,15.311586090460738,uniform,0.002088912297040224,0.9619334194008348,4.259681736584753e-05,5,0.0011086019221693277,0.0019113019807264209,0,-1,0.9639174891415458,41,0.8127102161971876,0.9625731384588295,-2.435061152313434,46,5.684450626373291,0.07384373992681503,0.00014945960720069706,0.00013819074956700206,0.00026084750425070524,0.13484629268509796,0.14183467377564796,0.08694300274876188,7.415850892803309e-06,7.050462156960191e-06,1.1501788164479293e-05
12,scarlet-sweep-117,3,1000000.0,-0.4630491435160185,-14.71034812927246,15.173395167075595,uniform,0.001030831364914775,0.9504042831501416,0.001030831364914775,11,0.001030831364914775,0.0013122358359396458,0,-1,0.9504042831501415,11,0.9504042831501415,0.9223874102632507,-0.7417251731406348,6,3.9072468280792236,0.09046924114227295,4.5835568016627803e-05,6.040275911800563e-05,5.71517703065183e-05,0.37599963119177815,0.28050390183554796,0.2771146875079502,2.6595770767922674e-06,3.5650127982400527e-06,3.6086142131001653e-06
13,fluent-sweep-114,3,99999.99999999999,-3.6409183215934537,-8.71437931060791,12.355301525735706,uniform,0.0009355697548016906,0.9696695159048024,0.0001555143971927464,7,0.0008734334260225296,0.0006460825679823756,0,-1,0.9700190344207312,19,0.9285814990922567,0.9695950636410492,-3.733093152057898,18,15.304520606994629,0.27431607246398926,0.0073929233476519585,0.009558127261698246,0.001937435008585453,0.047192585615235316,0.04448147238644595,0.0980766534560793,0.00021189769260643505,0.00022481270208688333,0.00010196106461236671
14,atomic-sweep-116,3,99999.99999999999,-3.9964299286951466,-8.473587036132812,12.470016196802236,uniform,0.0010266952449455855,0.9704636337031584,0.0007280069985426962,24,0.0010266952449455857,0.0007280069985426962,0,-1,0.9704636337031584,29,0.9654203781807004,0.9654203781807004,-4.108456539526254,24,11.6193265914917,0.15918272733688354,0.005522134713828564,0.00822946336120367,0.007854738272726536,0.05412022478738643,0.04549233422608623,0.05059183723605898,0.0001847738075605824,0.00021981725427194717,0.00019766034495526428
15,laced-sweep-114,3,99999.99999999999,-3.747861841181339,-8.485845565795898,12.23370704076629,uniform,0.003681480418890714,0.94622772628717,0.00026948991580866277,5,0.002435030648484826,0.005045710131525993,0,-1,0.9624520969911899,9,0.9307246142463245,0.9504173652726153,-4.045603367728947,23,6.350098133087158,0.045951008796691895,0.0074104187078773975,0.007824648171663284,0.008241565898060799,0.05053170617067004,0.04963775574455398,0.051910993802490646,0.0001978955542531091,0.000201459551303287,0.00019263742162301293
16,ancient-sweep-112,3,99999.99999999999,-3.5867838863664723,-8.464359283447266,12.05114187790294,uniform,0.003385597141459584,0.9511982734357544,0.0001238663971889764,3,0.0032252692617475986,0.0034059041645377874,0,-1,0.9666630720870624,12,0.9101642079802549,0.9570160414253922,-4.190282996180034,18,20.344823837280273,0.13695941865444183,0.007777527440339327,0.008751064538955688,0.005788732320070267,0.04947519359831265,0.04489416932786927,0.05457608475006115,0.00020212149306963098,0.00022274607481805506,0.00018323043959266052
17,spring-sweep-113,3,99999.99999999999,-3.934933614193018,-8.59042739868164,12.52536414092642,uniform,0.0028354136738926172,0.9628186809836108,0.0013810552190989256,10,0.0028354136738926172,0.002425172133371234,0,-1,0.9628186809836109,20,0.9585912559977683,0.960049861076138,-3.9357892438519024,15,7.292860507965088,0.08653300255537033,0.007939181290566921,0.007792878895998001,0.004224258475005627,0.048886818918391306,0.04508161740276151,0.07069579754116351,0.0002045541154292202,0.0002218199030141151,0.00014145112365664136
18,wild-sweep-110,3,99999.99999999999,-3.5356188270107873,-8.606730461120605,12.142348916834196,uniform,0.0007495575118809938,0.9773873982343092,0.0001608619641046971,22,0.0004123713297303766,0.0005705159273929894,0,-1,0.9774844529148621,23,0.9772335413175629,0.9770269813381192,-3.8494994768618565,19,7.684789657592773,0.04684388265013695,0.00539377611130476,0.005054275505244732,0.004751363303512335,0.055241697434891046,0.05499009898947116,0.06012498050964177,0.0001810226778745566,0.00018185091832467295,0.00016632022023518796
19,tough-sweep-105,3,99999.99999999999,-4.206099148908191,-8.434035301208496,12.640137116590076,uniform,0.012944071553647518,0.9522848402138248,0.0006746088620275259,4,0.008640486747026443,0.012824414297938347,0,-1,0.9736079676238567,9,0.9534496249711604,0.9550103095754325,-4.231724057844882,32,10.786781311035156,0.12018071860074997,0.009175049141049385,0.008281081914901733,0.010139351710677147,0.0498757391555138,0.05229119605971633,0.04693416605366796,0.00020049828171608147,0.0001912367808259739,0.00021306440149730733
20,vital-sweep-104,3,99999.99999999999,-3.676967281204108,-8.408729553222656,12.085697254043469,uniform,0.010155536234378816,0.9491566942519772,0.0007462743087671697,2,0.005732379388064146,0.007542655803263187,0,-1,0.9741405400339662,5,0.9579586144423263,0.951066242099662,-4.1808529151348415,17,15.5274019241333,0.07691662758588791,0.009489307180047035,0.009656140580773354,0.004853139631450176,0.04863367295664589,0.04628629676094698,0.05858920858372585,0.00020561885196115914,0.00021604666391106226,0.00017067989552563563
21,wild-sweep-103,3,10000.0,-4.813178101784183,-4.700777530670166,9.51395572273552,uniform,0.0046500880271196365,0.9712695825677324,0.0006294466438703239,1,0.0013501548673957586,0.0034122951328754425,0,-1,0.9721284534166058,26,0.8978316992583655,0.9707194518652926,-4.831735400377691,24,14.559441566467285,0.11956878006458282,0.17302869260311127,0.16744905710220337,0.17067736387252808,0.02874215028800009,0.032238847132612714,0.03306560226818167,0.0034792108105339012,0.0031018478914166974,0.0030242908987091967
22,jumping-sweep-102,3,10000.0,-4.61484757774301,-4.750312328338623,9.365160905532315,uniform,0.0032307447399944067,0.9448924019098196,0.001019126852042973,20,0.009158715605735779,0.0015327987493947148,0,-1,0.953327603568887,11,0.9435504164459134,0.9452574011820213,-4.616449437411146,25,30.079587936401367,0.49958619475364685,0.1022113561630249,0.139770969748497,0.12079671025276184,0.04848036974030223,0.03973592499174061,0.03536942221904682,0.002062690539195062,0.002516614374040259,0.0028273009205716936
23,colorful-sweep-97,3,10000.0,-4.6314083860260595,-4.76629114151001,9.397700824533135,uniform,0.0012665342073887589,0.9541488325549944,0.0006057739374227822,15,0.0027019870467483997,0.0010076853213831782,0,-1,0.9581737749440373,11,0.9528790473049824,0.9521361051337929,-4.657623243157886,16,5.681216716766357,0.13987401127815247,0.17383092641830444,0.12386617064476013,0.1096833273768425,0.03209140709006775,0.037173506445640436,0.03914560282570201,0.0031160989519512182,0.0026900879029593833,0.002554565335096655
24,magic-sweep-99,3,10000.0,-4.648039443963616,-4.73325252532959,9.38129328282063,uniform,0.001122890505939722,0.963970299559612,0.0005745137459598482,19,0.0009111468098126352,0.0009297548676840961,0,-1,0.9642791759503202,26,0.9624073152289156,0.9627929964107466,-4.708004555431259,22,15.054680824279785,0.3456271290779114,0.13975587487220764,0.14663168787956238,0.13906490802764893,0.037993244253391234,0.03867511929603418,0.03403193998729481,0.002632046880046947,0.0025856416688611016,0.002938416089042621
25,dashing-sweep-96,3,10000.0,-4.788215148154745,-4.683952808380127,9.472170094036908,uniform,0.0012027561897411942,0.969334685463142,0.0005723419017158449,6,0.0012027561897411942,0.0007406374788843095,0,-1,0.969334685463142,25,0.9364655963492998,0.9661767578109159,-4.844148511421851,20,22.851728439331055,0.20801310241222382,0.1808992177248001,0.15404771268367767,0.16805733740329742,0.030984717814527052,0.03425670492836397,0.033097166027445946,0.0032273974737673885,0.002919136566377746,0.0030214067245840515
26,different-sweep-95,3,10000.0,-4.775124847595781,-4.718533992767334,9.493658892497306,uniform,0.0005843187682330608,0.9681520157076412,0.0005843187682330608,25,0.0007635803194716573,0.0007635803194716573,0,-1,0.9683385745561999,20,0.9681520157076411,0.9683385745561999,-4.789404919551446,20,12.672782897949219,0.16163572669029236,0.1680345982313156,0.1445082128047943,0.15679854154586792,0.03267092250958914,0.0355783986010858,0.03247494923785532,0.0030608257226483067,0.00281069423953635,0.0030792965761877846
27,electric-sweep-94,3,10000.0,-4.791726054553264,-4.705492973327637,9.497218414986204,uniform,0.0007245801389217377,0.951880769413882,0.0002328529371879995,2,0.000978243537247181,0.0009432932711206377,0,-1,0.9560526672416305,14,0.8133431422898094,0.9520865150293778,-4.811797024668582,31,35.305885314941406,0.5117314457893372,0.16524933278560638,0.17552943527698517,0.14570310711860657,0.0342328745125684,0.03245381929004054,0.044696198374087004,0.0029211686550974733,0.0030813014365519715,0.0022373267445039762
28,earthy-sweep-93,3,10000.0,-4.72787315474849,-4.71453332901001,9.442405724633746,uniform,0.0007224553264677525,0.9630256110900044,0.0007224553264677525,23,0.0007224553264677525,0.0016241137636825442,0,-1,0.9630256110900044,23,0.9630256110900044,0.9596300350992738,-4.754301137119385,18,17.777036666870117,0.22216129302978516,0.13920854032039642,0.14439068734645844,0.15108850598335266,0.03594244972957572,0.0380923759569749,0.03379302804646134,0.0027822254952676105,0.002625197234033114,0.0029591902762460963
29,winter-sweep-92,3,10000.0,-4.8680215703476355,-4.650415897369385,9.518436458093817,uniform,0.0009474284015595912,0.9709144780205208,0.0003289438900537789,5,0.0009474284015595913,0.0015791854821145535,0,-1,0.9709144780205207,59,0.9599831616233908,0.9701599578287954,-4.889157823588421,54,19.935646057128906,0.2855699360370636,0.17474861443042755,0.18748848140239716,0.1694396734237671,0.03417651091485485,0.032564372442856815,0.032272150027017554,0.0029259862204522144,0.003070840691786019,0.0030986469732038964
30,divine-sweep-91,3,10000.0,-4.729355701892869,-4.697727680206299,9.427083577920287,uniform,0.0018945452757179735,0.9649077370516044,0.0005791168077848852,3,0.002030255738645792,0.002104134764522314,0,-1,0.9651509724726334,20,0.955494163469617,0.9622211213524923,-4.767873633073076,16,23.43374252319336,0.26398012042045593,0.16096459329128265,0.13999691605567932,0.1621938943862915,0.02858600703593428,0.03605607192142557,0.031062721615598754,0.003498215048862689,0.0027734579689635322,0.0032192929273068926
31,treasured-sweep-90,3,10000.0,-4.858850637890652,-4.714030742645264,9.572880875724303,uniform,0.0006008847267366946,0.9729821762315326,0.0003270238230470568,39,0.0006008847267366946,0.000733441673219204,0,-1,0.9729821762315326,41,0.9724472011584141,0.9724138012303009,-4.865906120099039,36,17.727659225463867,0.23750627040863037,0.18050789833068848,0.158808171749115,0.16702419519424438,0.03210346325579483,0.032495849678348954,0.032990204069136775,0.00311492872912861,0.003077316056967949,0.003031202831920421
32,zesty-sweep-89,3,1000.0,-4.674112646237686,-1.463037610054016,6.137150286809282,uniform,0.003138567553833127,0.7611418089134641,0.001565128332003951,16,0.005229727365076542,0.0023609872441738844,0,-1,0.7662877416495992,21,0.7623652722762998,0.7555173038621226,-4.705772307070296,17,1.8141413927078247,0.045212067663669586,1.1819260120391846,1.183972954750061,1.1627423763275146,0.02258571278562216,0.019811503763113913,0.019738066874070093,0.04427577776675661,0.050475724203321304,0.05066352274414981
33,prime-sweep-88,3,1000.0,-4.685496231479774,-1.3085154294967651,5.994011155529152,uniform,1.1452773809432983,0.5190154086148624,0.10560496896505356,46,0.3106737732887268,0.22044555842876434,0,-1,0.5475766367218439,5,0.5274615370514106,0.5310802278592595,-4.7047221333269835,43,16.431177139282227,0.4778236150741577,1.0246913433074951,2.9735517501831055,0.9892765879631042,0.022788615179480054,9.415939236992465e-06,0.027609661386833517,0.04388156068827066,106.20289435081453,0.036219205516112546
34,good-sweep-87,3,1000.0,-4.687575875647215,-1.4682719707489014,6.155848132816301,uniform,0.002866265596821904,0.765558915654214,0.0017789738485589623,29,0.002795173553749919,0.00276951608248055,0,-1,0.7690213768486021,20,0.7674761769310915,0.7634916550303436,-4.708073978885216,27,9.945151329040527,0.16659219563007355,1.1879405975341797,1.201220154762268,1.1013495922088623,0.020249140097380547,0.02500139448298655,0.020729200981609353,0.04938481314223122,0.03999776895166788,0.04824112617206932
35,summer-sweep-86,3,1000.0,-4.689776544412771,-1.457867980003357,6.14764462868452,uniform,0.004329863004386425,0.7661743176562559,0.0024753939360380173,7,0.004329863004386425,0.002488352358341217,0,-1,0.7661743176562559,9,0.7622072850404852,0.7581952557672909,-4.692797691066253,4,1.5129737854003906,0.03752429783344269,1.1808949708938599,1.1518422365188599,1.1387710571289062,0.01720121165905142,0.02122183182695281,0.020242580026437418,0.05813543951561063,0.04712128567195359,0.04940081742020879
36,feasible-sweep-85,3,1000.0,-4.673782426195203,-1.3000710010528564,5.973853616711355,uniform,0.32321447134017944,0.5374219770467811,0.13213056325912476,29,0.3050265610218048,0.44458112120628357,0,-1,0.5451782655893443,11,0.5343538977881264,0.5290625573664214,-4.679057731648881,35,16.6986141204834,0.41275280714035034,1.0565581321716309,1.0422587394714355,3.0659286975860596,0.023644186306456483,0.02521325369287042,9.751596506155872e-05,0.042293694823700975,0.03966168001088932,10.254731103452977
37,dandy-sweep-84,3,1000.0,-4.642405010155184,-1.285507082939148,5.927912077835544,uniform,0.517418622970581,0.5352456425048442,0.18411459028720856,10,0.5252376794815063,0.19151628017425537,0,-1,0.5500163605247126,4,0.5438367256422583,0.5390038702142799,-4.6603695848618765,21,9.434988975524902,0.2668911814689636,1.0029128789901733,1.044485330581665,3.2244691848754883,0.021144809516169483,0.026917110200660233,0.00032190093337992887,0.04729293017443822,0.03715109060910527,3.106545822965147
38,sweepy-sweep-83,3,1000.0,-4.666054073519434,-1.3242794275283811,5.990333726114954,uniform,0.2366138696670532,0.5202587591547633,0.15815867483615875,11,0.30341604351997375,0.3944784700870514,0,-1,0.5393958338548953,18,0.5298279660857597,0.5356342718768766,-4.679705630226464,27,19.987184524536133,0.45981913805007935,1.0476253032684326,3.4174225330352783,1.0578680038452148,0.028178095639861178,0.0003828002020953708,0.029254400741868247,0.0354885586584987,2.612328819384636,0.03418289127928785
39,swept-sweep-82,3,1000.0,-4.704317346638105,-1.435023069381714,6.1393404055294,uniform,0.002421246841549874,0.7601166063757738,0.0024212468415498734,21,0.003960838541388512,0.0050106048583984375,0,-1,0.7656305923194853,18,0.7601166063757738,0.7632773258501323,-4.706874566145711,16,7.323360443115234,0.1073693335056305,1.2163463830947876,1.1553677320480347,1.2195743322372437,0.02672693288447192,0.022412503950662632,0.016701746698744024,0.037415441731474916,0.04461795086355957,0.059873977137684664
40,icy-sweep-81,3,1000.0,-4.6535451574843325,-1.5017293691635132,6.155274103852233,uniform,0.004213493317365646,0.7751730956159069,0.0013058356707915664,18,0.0036546706687659025,0.002055318094789982,0,-1,0.7752537941302876,13,0.7706865730202015,0.7703101813291143,-4.708489182964841,14,3.45033597946167,0.040764179080724716,1.1963117122650146,1.1613142490386963,1.1446645259857178,0.019039964680836796,0.01992825229141104,0.021275644272616967,0.05252110582991116,0.05018001505485727,0.047002101895784194
41,noble-sweep-80,3,1000.0,-4.698678972326935,-1.4647011756896973,6.163380368315394,uniform,0.0021229705307632685,0.7633160145267711,0.0021229705307632685,20,0.00553446589037776,0.0030914663802832365,0,-1,0.7673568029248772,8,0.7633160145267711,0.7584033948668303,-4.706554028217687,15,3.8470780849456787,0.09619957208633423,1.1629773378372192,1.1440939903259277,1.2211490869522095,0.019503163580127714,0.020577814685233342,0.022413101815473624,0.05127373289423293,0.04859602515118386,0.04461676068903667
42,glamorous-sweep-79,3,1000.0,-4.705002073216538,-1.4850165843963623,6.190018708793423,uniform,0.004439506679773331,0.7724601037330042,0.0013615901116281748,16,0.004155789501965046,0.004155789501965046,0,-1,0.7730905458272396,19,0.768995877388725,0.7730905458272396,-4.708861785791498,19,5.160086154937744,0.06321000307798386,1.1320877075195312,1.1385477781295776,1.1528098583221436,0.022234908798005826,0.023411716817523853,0.020125606387183304,0.04497432434216626,0.0427136552092366,0.04968794384435717
43,celestial-sweep-78,3,1000.0,-4.7018291827258984,-1.462381362915039,6.164210331699998,uniform,0.004434939008206129,0.757772722505246,0.0018574855057522655,13,0.00451286043971777,0.00451286043971777,0,-1,0.7685606371468022,14,0.7642769011940851,0.7685606371468022,-4.7084220241251336,14,4.068950176239014,0.07253732532262802,1.1161928176879883,1.1569005250930786,1.1479570865631104,0.022034408064798505,0.018280517110108585,0.017013760847540915,0.04538356542454931,0.05470304772981666,0.058775952534006325
44,misunderstood-sweep-77,3,100.0,-3.731661109493066,-0.029307840391993523,3.760968952621906,uniform,0.5182138085365295,0.15281733239670245,0.5182138085365295,14,2.3401906490325928,0.6856921911239624,0,-1,0.15760434487799235,2,0.15281733239670245,0.14554751975656963,-3.7345988577966716,9,0.08446935564279556,0.0026103269774466753,2.967980146408081,3.1741628646850586,3.0407028198242188,2.545643238523903e-05,3.248009611737609e-05,4.894603843307813e-05,392.828022743616,307.88086229369975,204.30662664706932
45,ruby-sweep-76,3,100.0,-3.733596670088512,-0.027397293597459793,3.760993969775579,uniform,1.0879392623901367,0.14960341353925682,0.8915289044380188,2,1.7469162940979004,1.6957828998565674,0,-1,0.15082297121335103,4,0.15054909842156028,0.15075259055869575,-3.7343147155726655,3,0.08484528958797455,0.002790231956169009,2.979806661605835,2.9938395023345947,3.049635171890259,1.570617103887847e-05,2.9462282957871825e-05,5.188782794942357e-06,636.6924169644132,339.41701036199464,1927.234265760221
46,rose-sweep-75,3,10.0,-0.6282681730162504,-0.02925548516213894,0.6575236548156939,uniform,0.3329989016056061,0.15047849804195684,0.3329989016056061,7,0.8887531161308289,1.258659839630127,0,-1,0.1540723514875288,1,0.15047849804195684,0.1534031182597192,-0.6307677806618718,2,0.08416229486465454,0.0026179328560829163,2.9713134765625,3.039264440536499,2.976898670196533,4.023172452140137e-05,9.687667801714164e-05,9.229421867009617e-06,2485.6006345640176,1032.2401846015582,10834.914845256775
47,different-sweep-74,3,10.0,-0.6289249612746343,-0.02922934666275978,0.6581543038942124,uniform,1.149064302444458,0.15082532848791355,0.8264821171760559,2,1.3661894798278809,1.7758374214172363,0,-1,0.15359437546859392,1,0.15248490772935525,0.14999079655666792,-0.6299899920172067,3,0.08528044819831848,0.0026686128694564104,2.9161922931671143,3.1776044368743896,3.086277961730957,3.501841282589017e-05,3.862781750214265e-05,0.00010132573970221635,2855.6405596448676,2588.8079230583785,986.9160619393203
48,dazzling-sweep-73,3,10.0,-0.6265007620919217,-0.03148411959409714,0.6579848796793292,uniform,0.3616136908531189,0.1530156177584552,0.19542837142944336,9,1.6038812398910522,0.6115891337394714,0,-1,0.15844434237537905,2,0.1457452790655119,0.14978563882388227,-0.6300931022388293,6,0.08458881825208664,0.002681620651856065,2.9140944480895996,3.0628223419189453,3.180264711380005,4.8545028935143876e-05,3.081586162724547e-05,9.850602055775596e-05,2059.9431536769694,3245.08206876118,1015.166376976604
49,avid-sweep-72,3,10.0,-0.6263499627041519,-0.03144952282309532,0.6577994854775766,uniform,1.887430191040039,0.15690232743520358,0.8313688039779663,4,1.887430191040039,2.375430107116699,0,-1,0.15690232743520358,11,0.1470262687107997,0.151271733137167,-0.6326489892165715,6,0.08548162132501602,0.002859691623598337,2.9341578483581543,3.1254279613494873,3.077500104904175,3.1529701356380066e-05,0.00010697590191771026,4.62531304536171e-05,3171.612660383315,934.7899686503566,2162.015825075463
50,dazzling-sweep-71,3,10.0,-0.6289546615779706,-0.029151713475584984,0.6581063839296808,uniform,1.5397241115570068,0.15292334187015583,0.36441248655319214,3,1.3497740030288696,1.3497740030288696,0,-1,0.15319678414626664,5,0.15127537641280167,0.15319678414626664,-0.6318076018857505,5,0.08468325436115265,0.0026286703068763018,2.9809505939483643,2.8899168968200684,3.0888121128082275,7.77162525211853e-06,2.226991762901303e-05,6.277222491270999e-05,12867.321410375544,4490.362365315666,1593.0612645809247
51,dauntless-sweep-70,3,10.0,-0.6292332618316309,-0.028765404596924785,0.6579986544927255,uniform,2.1186318397521973,0.15215908682414506,0.3921988606452942,8,0.7939243316650391,0.7939243316650391,0,-1,0.1567679096235002,6,0.15105294978841446,0.1567679096235002,-0.6324326184664048,6,0.08417949080467224,0.0026791514828801155,3.0284242630004883,3.050732374191284,3.025599241256714,2.9789028213349092e-05,9.139549043455167e-05,3.054021359874624e-05,3356.9406589499918,1094.1458875545945,3274.3713359000635
52,fresh-sweep-69,3,10.0,-0.6289130173569434,-0.029205257073044777,0.6581182676598939,uniform,1.2384401559829712,0.14733685413659384,0.4008316695690155,3,2.2899768352508545,0.7887323498725891,0,-1,0.15513349158201534,14,0.1521291872489383,0.15352614484897825,-0.6303749199519312,10,0.0852048397064209,0.0026060049422085285,3.1421985626220703,2.9431636333465576,2.9849588871002197,5.339177253043206e-05,6.048992584184454e-05,4.364361669070339e-05,1872.9477457037476,1653.1678392441333,2291.2858186957083
53,decent-sweep-68,3,10.0,-0.629542320304684,-0.02819298766553402,0.6577353026207013,uniform,1.981244683265686,0.14882685508605653,0.5915660858154297,2,0.9284511804580688,0.680274248123169,0,-1,0.1548708131144698,4,0.1481748434498243,0.15076967290477264,-0.6307744260505133,8,0.08567173033952713,0.0026255196426063776,2.994579315185547,3.193901777267456,3.003925085067749,7.370688545028318e-05,9.192469695207608e-05,8.491154873270306e-06,1356.7253505434317,1087.8469368480364,11776.961025030241
54,colorful-sweep-67,3,10.0,-0.6304158130229665,-0.027741270139813423,0.6581570780814839,uniform,1.9848159551620483,0.14795610915450777,0.4510277509689331,19,1.9007431268692017,0.7350397706031799,0,-1,0.15443248108391022,2,0.1543166975756126,0.15171216993677683,-0.6323725980902807,15,0.084583580493927,0.0027918387204408646,3.099893569946289,2.9578161239624023,2.995675802230835,7.719476702134579e-05,7.333255750499677e-05,5.453914841634642e-05,1295.4245975293654,1363.6507903489683,1833.5453138470366
55,dry-sweep-66,3,10.0,-0.6295193172273505,-0.028123464435338977,0.6576427882092662,uniform,2.206652879714966,0.15013037347071714,0.9528186917304993,4,2.06327223777771,2.06327223777771,0,-1,0.15521610165409977,0,0.14985391023045083,0.15521610165409977,-0.629623919392186,0,0.08495225757360458,0.004477282986044884,2.9799716472625732,3.106654405593872,2.9874680042266846,4.9101214565042345e-05,0.0001841713257987078,3.9044371581560024e-05,2036.6094990895622,542.972688969488,2561.1886156525634
56,super-sweep-65,3,10.0,-0.6300698874368846,-0.027964998036623,0.6580348895365575,uniform,1.073717713356018,0.14776733091986444,1.073717713356018,7,3.4845333099365234,1.445509910583496,0,-1,0.15708630829550332,4,0.14776733091986444,0.14571055333934477,-0.6304624437730016,2,0.08491689711809158,0.0026562209241092205,3.1338961124420166,3.046215772628784,3.117832899093628,2.097734221667702e-05,0.00013694766278513158,3.602019825688432e-05,4767.04813064926,730.2059631123329,2776.220144232205
57,cerulean-sweep-62,3,1000000.0,0.594464183627957,-14.36145305633545,13.766991840541952,uniform,0.0027746004052460194,0.9414521756519828,0.0009405155433341861,2,0.0027746004052460194,0.002457668539136648,0,-1,0.9414521756519827,9,0.8730016314924378,0.8990782522912204,-1.000531445266703,4,2.7803640365600586,0.06569916009902954,5.421783134806901e-05,6.35390097158961e-05,6.493320688605309e-05,0.3125689187551792,0.2749145942800624,0.2704138658393731,3.1992944275539238e-06,3.6374933190388393e-06,3.698035220553387e-06
58,swept-sweep-63,3,1000000.0,0.9785658461811192,-14.315251350402832,13.33668736325084,uniform,0.0008226890349760652,0.9697585541093796,8.24972812552005e-05,6,0.0008226890349760652,0.0001487102563260123,0,-1,0.9697585541093795,12,0.9579008031973871,0.9604296443453201,-1.0477962536762953,7,6.482940673828125,0.08284996449947357,6.195821333676577e-05,9.094785491470248e-05,6.381410639733076e-05,0.2827539670434476,0.20671373587630715,0.2692636814430358,3.5366435719939567e-06,4.837607891709613e-06,3.7138317155912293e-06
59,lunar-sweep-60,3,1000000.0,-0.6789781429950049,-14.296197891235352,14.97518008798198,uniform,0.0025222734548151493,0.935862229514783,0.0010165468556806445,11,0.0025222734548151493,0.002538771368563175,0,-1,0.935862229514783,27,0.831153623174698,0.9118964064684267,-1.2660371562023207,22,5.075072765350342,0.1624164879322052,5.140313442097977e-05,0.00016138871433213353,4.532143066171557e-05,0.3275833231913481,0.1336536773762873,0.362833560648653,3.0526584511626055e-06,7.482023836759908e-06,2.7560846306837145e-06
60,iconic-sweep-64,3,1000000.0,0.21768433043307997,-14.277746200561523,14.060067777822931,uniform,0.0006521129398606718,0.9364495338324572,0.0003302021068520844,10,0.0006521129398606718,0.0009076169226318598,0,-1,0.9364495338324573,11,0.9312807839391113,0.9114448695399711,-1.2777299848926802,6,3.6667470932006836,0.05661311373114586,7.32668922864832e-05,5.055073415860534e-05,7.98399923951365e-05,0.24079682101889066,0.3356151310936504,0.23898568392570851,4.152878745527747e-06,2.9796034426140314e-06,4.184351060588473e-06
61,dulcet-sweep-99,3,1000000.0,-0.7556637824799685,-14.14621639251709,14.90187550326448,uniform,0.0013775138650089502,0.9237319887725244,0.0010978031205013394,23,0.0013775138650089502,0.0011255817953497171,0,-1,0.9237319887725244,25,0.9125256442030822,0.8929590639956984,-1.3915721113421935,20,5.2037739753723145,0.08835527300834656,8.473076741211116e-05,0.00010659240797394887,5.774315650342032e-05,0.2082572253698567,0.17575105603493402,0.2944880890659398,4.801754168308154e-06,5.689866237851966e-06,3.3957230771940884e-06
62,eternal-sweep-98,3,1000000.0,-0.9568520670586396,-14.362807273864746,15.319659155274795,uniform,0.0019238230306655169,0.73939088223615,0.001506725326180458,3,0.0019238230306655169,0.0018146896036341786,0,-1,0.73939088223615,10,0.7193583628542805,0.7258330738886546,-1.0678898126781067,5,3.010847568511963,0.06773582100868225,7.931691652629524e-05,4.684445229941048e-05,5.9046968090115115e-05,0.22919775813310483,0.3373459457550929,0.29765041441584117,4.363044421312611e-06,2.9643160458373554e-06,3.3596459187284076e-06
63,astral-sweep-97,3,1000000.0,-0.04161974235097121,-14.855793952941896,14.897414898194071,uniform,0.001755851088091731,0.8608032724461034,0.0008077621459960938,2,0.001755851088091731,0.0014864206314086914,0,-1,0.8608032724461034,9,0.7778534741270532,0.8074238507619472,-0.20297663148996256,4,1.3181489706039429,0.05442729592323303,5.541313294088468e-05,4.5897999370936304e-05,5.642056930810213e-05,0.3105561532988901,0.3675174394450096,0.29665701752495366,3.2200295804075247e-06,2.7209593142303844e-06,3.3708961559147472e-06
64,jumping-sweep-96,3,1000000.0,-0.2773937092089643,-14.713386535644531,14.990783835755188,uniform,0.0031739966943860054,0.907086734888331,0.0031637302599847317,7,0.0031739966943860054,0.00771239073947072,0,-1,0.907086734888331,8,0.898112776992421,0.8470684125796228,-0.5608155833725285,3,5.1055779457092285,0.16115926206111908,5.7296143495477736e-05,6.276862404774874e-05,4.8630754463374615e-05,0.2944063252988691,0.2803698793517384,0.3623616581849234,3.3966661517372e-06,3.566716946599847e-06,2.7596738711513226e-06
65,deep-sweep-95,3,1000000.0,1.7580435149021003,-14.190771102905272,12.432728241587968,uniform,0.000416283291997388,0.9163233850127176,4.371261456981301e-05,8,0.000416283291997388,5.6915920140454546e-05,0,-1,0.9163233850127176,12,0.8947210472274454,0.8903557677329553,-1.0690204052141343,7,2.614180326461792,0.0507340282201767,6.134219438536093e-05,9.291914466302842e-05,5.96427998971194e-05,0.27892210993519484,0.18893593734026215,0.29126956140090954,3.585230300431692e-06,5.2927993164109414e-06,3.433245805673388e-06
66,silver-sweep-94,3,1000000.0,-0.14223055653647854,-13.640929222106934,13.783155040789408,uniform,0.002988633466884494,0.825398208956064,0.001096930238418281,4,0.002988633466884494,0.0014343796065077186,0,-1,0.825398208956064,8,0.8017357694891358,0.7999709052272557,-1.8130888924311208,3,2.454554319381714,0.039294395595788956,9.098531154450029e-05,8.546085882699117e-05,8.329626871272922e-05,0.1964942357396673,0.21379398925161297,0.21563873330764238,5.089207814344677e-06,4.677399975090532e-06,4.637385801062666e-06
67,deep-sweep-93,3,1000000.0,-0.5271808423624093,-13.71296215057373,14.240145162227314,uniform,0.0005924212164245546,0.9561342638163188,0.00031677563674747944,6,0.0005924212164245546,0.0005124791641719639,0,-1,0.9561342638163188,20,0.9081011692322457,0.945621965846256,-1.9103250496080615,15,10.927420616149902,0.1197226345539093,0.00015295007324311882,0.00016664348368067294,6.043274333933368e-05,0.13490870166266689,0.13020621013257383,0.2946677634127468,7.412420308516902e-06,7.680125233518557e-06,3.3936525272338006e-06
68,silver-sweep-108,3,1000000.0,1.5139477408159678,-14.560362815856934,13.046413950976838,uniform,0.0010610835161060097,0.9709605344553932,0.001021695090457797,7,0.0010610835161060095,0.0017597319092601538,0,-1,0.9709605344553933,8,0.9702738686834359,0.9668411930768913,-0.7582721751979237,3,2.6203954219818115,0.051367610692977905,5.880951721337624e-05,7.022513455012813e-05,6.975860014790669e-05,0.2851570602846465,0.25015702328290956,0.2443682666076974,3.506839350222612e-06,3.997489204486864e-06,4.0921843653512285e-06
69,logical-sweep-107,3,1000000.0,-0.3262255229788367,-14.569993019104004,14.896217158619292,uniform,0.0010131953749805689,0.8782994641842564,0.0010131953749805689,10,0.0010131953749805689,0.0019684296566993,0,-1,0.8782994641842564,10,0.8782994641842564,0.8298632229749753,-0.6526031179905597,5,2.7299270629882812,0.05499843880534172,8.963559957919642e-05,4.500597788137384e-05,5.493679054779932e-05,0.2108257709748651,0.3950942758046416,0.28449610202912723,4.743253139196257e-06,2.53104147855197e-06,3.5149866478578963e-06
70,graceful-sweep-106,3,1000000.0,2.2056751341698058,-14.396202087402344,12.190528013718373,uniform,0.0015428854385390878,0.950471388047748,0.0003265380801167339,4,0.0015428854385390878,0.0017976773669943213,0,-1,0.9504713880477481,17,0.8757193880124092,0.9280864667862281,-1.0494049491824686,12,3.103693723678589,0.07032809406518936,6.21031504124403e-05,4.513272506301291e-05,9.881576261250302e-05,0.2655051330776246,0.3902120490076868,0.18562925646620076,3.7664055244748668e-06,2.562709179644786e-06,5.387081858952978e-06
71,ethereal-sweep-105,3,1000000.0,1.1559667067340988,-14.325721740722656,13.169757676302192,uniform,0.001299664145335555,0.6953105904856939,0.001299664145335555,13,0.001299664145335555,0.0018607387319207191,0,-1,0.6953105904856939,13,0.6953105904856939,0.6819268741940985,-1.0969491956574065,8,5.305305480957031,0.05752324312925339,7.104640098987147e-05,4.482081567402929e-05,9.737267828313634e-05,0.2666642604072109,0.3692595802148304,0.18842169888039795,3.7500338383289357e-06,2.7081220192532666e-06,5.3072443669810945e-06
72,fresh-sweep-104,3,1000000.0,-0.16098848700415633,-14.725601196289062,14.886590024072836,uniform,0.001112918253056705,0.9271455701925316,0.000986419036053121,16,0.001112918253056705,0.0013287445763126016,0,-1,0.9271455701925316,17,0.9214615892252802,0.8918846466709754,-0.6575582644469441,12,3.5979273319244385,0.08479124307632446,5.449123273137957e-05,5.40808578080032e-05,4.6526252845069394e-05,0.3090563960439887,0.31934752461963,0.38070442609773636,3.235655410469705e-06,3.131384848500344e-06,2.6267096767172206e-06
73,serene-sweep-103,3,1000000.0,-1.5624500673565511,-13.881582260131836,15.444029379998966,uniform,0.003830389119684696,0.8593789326667335,0.002568578813225031,5,0.003830389119684696,0.002718302421271801,0,-1,0.8593789326667335,11,0.8383122257729225,0.8408468247339493,-1.619673733422302,6,3.5628750324249268,0.059305232018232346,7.53588174120523e-05,9.664213575888425e-05,0.00010899904009420425,0.2293984635962767,0.1946093605356305,0.16878495471538546,4.359227103455765e-06,5.1384989768614585e-06,5.924698689443354e-06
74,revived-sweep-101,3,1000000.0,-0.04940048129862096,-14.275186538696287,14.324586251969182,uniform,0.003988264128565788,0.9716428680245934,0.00042655880679376423,3,0.003988264128565788,0.0018965816125273705,0,-1,0.9716428680245934,12,0.9485698579370772,0.9637662648770622,-1.1551851827223778,7,6.575047492980957,0.10202246159315109,0.00011308889224892482,6.869725621072575e-05,5.4851883760420606e-05,0.16832649049078796,0.2580989598058956,0.3379592622206964,5.940835557637479e-06,3.874482875684792e-06,2.9589365103625223e-06
75,dark-sweep-100,3,99999.99999999999,-3.4909999022916507,-8.692209243774414,12.18320776005939,uniform,0.006714471150189638,0.9672229565976724,0.0002870991884265095,4,0.0015412229113280773,0.0020115915685892105,0,-1,0.9687938585315924,9,0.9449462070457155,0.9673952624388387,-3.5923057731906707,11,8.051724433898926,0.06273597478866577,0.004004399757832289,0.003937763627618551,0.006074576638638973,0.06463240424736316,0.0772959293352784,0.054386061923665574,0.0001547211513550956,0.00012937291893631367,0.00018387063976126202
76,fiery-sweep-99,3,99999.99999999999,-3.0026866329808004,-8.965924263000488,11.968607602625976,uniform,0.004995730239897966,0.9627398305883802,0.0016569626750424504,3,0.0019664547871798277,0.003481912659481168,0,-1,0.9759763955641495,6,0.9596672120870536,0.9726171701478338,-3.3414549131378446,8,11.868762016296387,0.12239859998226166,0.003471961012110114,0.003004380501806736,0.0033862816635519266,0.06660301268404112,0.08306265327408724,0.07149345048475286,0.00015014335834084757,0.00012039104947686117,0.00013987295244803806
77,grateful-sweep-95,3,99999.99999999999,-3.6903734043454097,-8.727728843688965,12.418102667651072,uniform,0.0014457498909905553,0.968363795770897,0.0008861395763233304,1,0.0014457498909905553,0.0016915359301492572,0,-1,0.968363795770897,18,0.7624841321611608,0.9610815142785569,-3.751733665027651,13,13.282063484191895,0.15649795532226562,0.004795311484485865,0.0065175858326256275,0.003882091725245118,0.061968084788031286,0.055848306309830065,0.06813747951884253,0.00016137339138697142,0.00017905645955533416,0.0001467621061215602
78,celestial-sweep-93,3,99999.99999999999,-2.609602371406422,-9.091280937194824,11.700884147834651,uniform,0.003982599824666977,0.9657632429212232,0.0009973831474781036,4,0.003982599824666977,0.0038278147112578154,0,-1,0.9657632429212233,13,0.9064269898869024,0.9607809516521455,-3.312921672420752,8,2.408139944076538,0.04077993705868721,0.0030071011278778315,0.0025025978684425354,0.003804941428825259,0.07438280318762569,0.08741877669689391,0.06849007440941168,0.00013443967653081943,0.00011439190043430696,0.0001460065576834274
79,pious-sweep-67,3,10000.0,-4.520779198708994,-4.725822925567627,9.24660267486459,uniform,0.0028883221093565226,0.9611967360098876,0.0013152390019968152,9,0.0028883221093565226,0.003490900620818138,0,-1,0.9611967360098876,18,0.9499850321703589,0.9555293951541592,-4.631502034160044,13,18.47428321838379,0.22613142430782318,0.10249651968479156,0.14010363817214966,0.1515137106180191,0.04189440696703017,0.030313356494445998,0.030694194286411625,0.002386953468005823,0.00329887586082135,0.0032579451041094823
80,dry-sweep-66,3,10000.0,-4.431725738947827,-4.827150344848633,9.258875674352288,uniform,0.00316961039789021,0.9567703268187688,0.000447937025455758,2,0.0004932365263812244,0.0019682464189827442,0,-1,0.9581772849430663,3,0.953153597846844,0.9539226244615795,-4.476870557779892,8,8.900139808654785,0.11094971746206284,0.12186520546674728,0.103444404900074,0.08302634209394455,0.03502386256641987,0.04451448994618468,0.03225262223344871,0.002855196219730426,0.0022464595263451057,0.003100523091616764
81,magic-sweep-64,3,10000.0,-4.461780664826041,-4.736116409301758,9.197896739706003,uniform,0.001617271453142166,0.9575259305016566,0.0010650914628058672,1,0.0031443494372069836,0.0012977167498320341,0,-1,0.9580541200373044,5,0.9481779035285006,0.9563931837336163,-4.562657179441068,8,4.228384017944336,0.15472115576267242,0.12445276230573654,0.11568373441696167,0.11728213727474213,0.03287931890464635,0.03497550086763468,0.03903949720915989,0.0030414255322627278,0.002859144187196962,0.0025615083991536876
82,true-sweep-61,3,10000.0,-4.812104070246728,-4.685315132141113,9.497420313736308,uniform,0.0027079302817583084,0.9647691265482576,0.0011293640127405524,17,0.0038755061104893684,0.002071946393698454,0,-1,0.9650910645495981,18,0.9642198580108718,0.961280289084093,-4.813470366636051,14,21.474838256835938,0.21584521234035492,0.16007232666015625,0.16021989285945892,0.15676140785217285,0.034410115816485565,0.034102332429650994,0.033626390974760056,0.002906122157022527,0.0029323507477468868,0.002973854674890919
83,misty-sweep-60,3,1000.0,-4.663205995365932,-1.4467226266860962,6.10992869516706,uniform,0.010237734764814377,0.7650709701011765,0.003638524329289794,4,0.005330467130988836,0.009083918295800686,0,-1,0.7699316262522058,5,0.7690096058193885,0.7616280293738814,-4.678855547331111,3,8.79187297821045,0.12777714431285858,1.1761583089828491,1.145228624343872,1.158206820487976,0.02065602976676928,0.01687079527752844,0.01771868115014641,0.048412013890915574,0.059274028494197904,0.05643760907068058
84,tough-sweep-59,3,1000.0,-4.682268631879401,-1.4150573015213013,6.0973259842633345,uniform,0.0036090672947466378,0.7547704879409841,0.0029059601947665215,6,0.01077338494360447,0.006373941898345947,0,-1,0.765124754546428,5,0.7647105473309364,0.7507921843451275,-4.6906501677009045,4,9.237622261047363,0.1729251891374588,1.2004178762435913,1.1596201658248901,1.1684530973434448,0.019349228771034177,0.017471455322631835,0.022648949152789477,0.051681646428047893,0.05723621653341262,0.0441521588155819
85,deep-sweep-58,3,1000.0,-4.686287410901743,-1.441339135169983,6.12762607114191,uniform,0.0027527008205652237,0.7244335716545248,0.0027483138255774975,7,0.0037833531387150288,0.0027483138255774975,0,-1,0.7382230765812879,11,0.7252128499202826,0.7252128499202826,-4.706725124056861,7,9.976926803588867,0.22198741137981415,1.2654258012771606,1.21794593334198,1.106440544128418,0.021802666518926594,0.020214744420457897,0.027515633767967396,0.0458659494301724,0.04946884210853398,0.03634297535840007
86,swift-sweep-54,3,1000.0,-4.696513180165207,-1.4589619636535645,6.1554752503124,uniform,0.003812595270574093,0.7594251482310376,0.0018348528537899256,13,0.007492027245461941,0.0027286072727292776,0,-1,0.7635996462281492,5,0.7511114709789221,0.7561850281664254,-4.711014586830381,10,5.198563098907471,0.1242288276553154,1.164142370223999,1.1711981296539307,1.1595317125320435,0.02185352665900897,0.021241599014931722,0.016708094590641487,0.04575920470885447,0.04707743514492731,0.059851229269441565
87,glad-sweep-48,3,1000.0,-4.680832305211133,-1.4177407026290894,6.098572721737924,uniform,0.0035037065390497446,0.7615633219229548,0.0023314475547522306,8,0.004034106153994799,0.0045700594782829285,0,-1,0.7693914265466224,6,0.7603801028878489,0.7545299640713512,-4.69377221471731,4,3.5365521907806396,0.0497559979557991,1.2270952463150024,1.1826250553131104,1.139965534210205,0.017454008758305273,0.02215990962758796,0.016749844272796688,0.057293428337725716,0.04512653782464216,0.05970204759599428
88,peachy-sweep-43,3,1000.0,-4.630277485662585,-1.4643787145614624,6.094656070842233,uniform,0.005768967792391777,0.7687615934189983,0.002412801142781973,3,0.005221983417868614,0.004016552120447159,0,-1,0.7742355606993389,9,0.7666431427906094,0.7656578298314362,-4.68423357553758,6,3.70823073387146,0.08890127390623093,1.1557773351669312,1.1380351781845093,1.124102234840393,0.01594807099992579,0.017208912611726968,0.01762863312564278,0.06270350815497706,0.05810942402709122,0.05672589547203126
89,serene-sweep-44,3,1000.0,-4.701275544239708,-1.4285635948181152,6.129839438193664,uniform,0.0023160374257713556,0.7628682401995258,0.0023122939746826887,12,0.0031546414829790592,0.0023122939746826887,0,-1,0.7688557335820241,13,0.7661658945965466,0.7661658945965466,-4.706365594015577,12,1.4612390995025635,0.07653766870498657,1.1538441181182861,1.1425279378890991,1.1733330488204956,0.01649804515420983,0.02018822369337614,0.021322683246816077,0.06061324179033591,0.04953382799736389,0.04689841275718997
90,vital-sweep-40,3,100.0,-3.720344288187905,-0.03336455672979355,3.75370885058014,uniform,1.0225770473480225,0.14961632022055396,0.7562966346740723,0,1.207202672958374,0.7562966346740723,0,-1,0.15451893127315094,2,0.15024525519990456,0.15024525519990456,-3.7345896785431956,0,0.08238741755485535,0.003160790540277958,3.0106613636016846,3.0593643188476562,2.9670591354370117,4.890557147516853e-05,3.623791879705401e-05,2.3137809708404823e-05,204.47568034405714,275.95403742703235,432.1930263073905
91,lively-sweep-39,3,100.0,-3.7262135604321474,-0.029276181012392044,3.7554897411365817,uniform,0.2720961570739746,0.15046576144134985,0.2720961570739746,7,1.1405256986618042,0.8009199500083923,0,-1,0.1539245662655447,1,0.15046576144134985,0.1534589606287758,-3.732998260108275,2,0.08407291024923325,0.002657180419191718,2.9704177379608154,3.037266969680786,2.9792165756225586,5.317311621524088e-05,9.936593496137017e-05,9.59279536912012e-06,188.06496048718927,100.6381110778823,1042.4490062813911
92,comfy-sweep-37,3,100.0,-3.725428363550379,-0.029735643416643143,3.755164003678833,uniform,1.3570568561553955,0.152039436260287,0.8782477974891663,2,1.5035109519958496,1.036201000213623,0,-1,0.15402924989469943,7,0.14928666923198158,0.1523359604983555,-3.7345794620519897,4,0.08438560366630554,0.0029037923086434603,2.9892826080322266,3.0794999599456787,3.1247200965881348,2.517995973186902e-05,4.590053215139584e-05,1.9209849169295846e-06,397.14122288065056,217.86239791330826,5205.662945018615
93,lucky-sweep-36,3,100.0,-3.7308577091686934,-0.02760714665055275,3.758464853842359,uniform,0.904508113861084,0.1537920168815721,0.4361860454082489,3,1.6199684143066406,2.0641255378723145,0,-1,0.15532637486866765,1,0.15276464297361655,0.14805429562090078,-3.7318584667077386,4,0.08411760628223419,0.0026869350112974644,3.09509539604187,3.0854690074920654,3.060478448867798,5.8101731702150114e-05,2.9941069042840364e-05,0.00010180806233364096,172.1119096976922,333.9894105214404,98.22404798579149
94,ethereal-sweep-33,3,100.0,-3.722209891971167,-0.030579697340726852,3.7527895980439734,uniform,0.6070053577423096,0.15059199870754889,0.27076318860054016,5,1.6548914909362793,0.9230688214302063,0,-1,0.15548635226582952,4,0.15043442987027134,0.14877685855216402,-3.7333280069830033,1,0.08482073247432709,0.0028017768636345863,3.0244877338409424,3.0841591358184814,3.1782894134521484,8.302420759775941e-05,6.059923442006468e-05,2.1130823540275318e-05,120.44679846206532,165.0185863847969,473.24232209596636
95,divine-sweep-34,3,100.0,-3.7293538035734537,-0.03043760359287262,3.7597914002919226,uniform,1.2307281494140625,0.1539631076898069,0.6657170653343201,3,1.2307281494140625,1.5905613899230957,0,-1,0.1539631076898069,7,0.14696721352596495,0.1515374567208825,-3.7328187693616757,2,0.08488564193248749,0.002848108531907201,3.113194227218628,3.121159791946411,3.065305709838867,0.0001043967907476441,1.598294423807282e-05,1.8188216135917035e-05,95.78838514464266,625.666951660827,549.8065299681907
96,swift-sweep-32,3,100.0,-3.729569014066184,-0.02849445305764675,3.758063460542485,uniform,1.6570746898651123,0.15186566211690933,0.8870053887367249,2,1.5410596132278442,1.0622987747192383,0,-1,0.15728417407789197,11,0.15251246734827265,0.15085514786555132,-3.7326289337800507,8,0.08440133184194565,0.0026132306084036827,3.014484167098999,3.089625358581543,3.11938214302063,1.5858108272960797e-05,0.00014317453206930467,0.00010253963487531163,630.5922388643739,69.84482404426109,97.52326514678951
97,vital-sweep-29,3,100.0,-3.73227901652549,-0.029106730595231056,3.761385748178704,uniform,1.483160376548767,0.15294262114841464,0.36794573068618774,3,1.5020458698272705,1.5020458698272705,0,-1,0.15318855843063978,5,0.1512599416886455,0.15318855843063978,-3.7351338167367643,5,0.0846065953373909,0.0026325101498514414,2.9774394035339355,2.893366813659668,3.091653347015381,8.907694855366714e-06,2.6706604459138814e-05,6.236648960948003e-05,1122.6248948093673,374.43921466317556,160.34251827571114
98,misty-sweep-31,3,100.0,-3.7286965979175735,-0.03141828253865242,3.7601148754196343,uniform,0.4069397747516632,0.15297567768115675,0.1820860207080841,9,1.6979981660842896,0.45058655738830566,0,-1,0.15840685641233404,2,0.1457413675044025,0.1497610530974103,-3.7318116660108585,6,0.08443623036146164,0.002672172151505947,2.9267578125,3.0506393909454346,3.1648154258728027,5.7876034039528465e-05,3.4975570630348986e-05,0.00010547771046899579,172.78309002946108,285.91384843119056,94.80676017270406
99,warm-sweep-28,3,100.0,-3.730780610204066,-0.028731705620884895,3.7595123106244457,uniform,2.3821589946746826,0.1521403480695724,0.43376249074935913,10,0.7726916670799255,0.7726916670799255,0,-1,0.1567370711917537,6,0.15315176109441084,0.1567370711917537,-3.7349955076541663,6,0.08415841311216354,0.002667549531906843,3.0311458110809326,3.05173397064209,3.027994394302368,2.9938087927105237e-05,7.000759539016466e-05,3.104876735382858e-05,334.02266785869904,142.84164374262878,322.0739775605589
100,northern-sweep-30,3,100.0,-3.7269461626122418,-0.031418636441230774,3.758364790152512,uniform,1.88800847530365,0.1569174276501537,0.6111060976982117,4,1.88800847530365,2.3341753482818604,0,-1,0.15691742765015373,11,0.1470907581696907,0.1512468113114028,-3.7330748193147087,6,0.08463277667760849,0.0027927423361688852,2.9336647987365723,3.126469612121582,3.076476812362671,3.6715377947645934e-05,0.00010413477699911314,4.4376299925091324e-05,272.36543810768984,96.02939851770331,225.34551138513876
101,true-sweep-26,3,100.0,-3.7284545967044167,-0.028195317834615707,3.756649913972788,uniform,2.0570600032806396,0.1488012853031448,0.6720481514930725,8,0.9362539649009705,0.6720481514930725,0,-1,0.15486441608400017,4,0.1507973211125856,0.1507973211125856,-3.7331264670990105,8,0.08554433286190033,0.002613232471048832,2.9945833683013916,3.187955617904663,2.996594190597534,7.752519165461769e-05,8.496540934434249e-05,1.0473525176149523e-05,128.99032929258632,117.69495465469514,954.7883670315853
102,copper-sweep-27,3,100.0,-3.7324289776205144,-0.029173504561185837,3.76160247700603,uniform,1.3434275388717651,0.1472802137053705,0.30392152070999146,3,2.2719929218292236,0.7251167893409729,0,-1,0.1551458911202081,14,0.1521313134304627,0.1534966203016344,-3.7336573810036637,10,0.0852745994925499,0.00260585336945951,3.143909215927124,2.9443325996398926,2.98632550239563,5.520619742427715e-05,6.212179777037585e-05,3.863345550145572e-05,181.13908341027053,160.97409216912135,258.84301236329213
103,warm-sweep-25,3,100.0,-3.7291891746830226,-0.02695329859852791,3.7561424792122127,uniform,1.9918209314346311,0.1480195149393339,0.8704726696014404,0,1.1053355932235718,0.8704726696014404,0,-1,0.15353422232225464,3,0.15129783851029066,0.15129783851029066,-3.7362624251456737,0,0.08550859242677689,0.003469310235232115,3.0321152210235596,3.1640195846557617,3.01308274269104,2.6393742415507316e-05,6.583728073966677e-05,6.3716250771654e-06,378.8776840575903,151.8896267836747,1569.4583216827923
104,firm-sweep-24,3,100.0,-3.730592954518706,-0.02846712246537209,3.759060073179315,uniform,2.0664730072021484,0.15322862238459736,0.560795783996582,7,1.9524091482162476,1.7852956056594849,0,-1,0.15443782512195242,2,0.1507697049753776,0.14863253004408275,-3.73242562903835,5,0.08574740588665009,0.0029033049941062927,2.9595205783843994,3.0447444915771484,3.1064400672912598,5.10191048901812e-05,1.7741680989206152e-05,6.654773847553997e-06,196.00500678177391,563.6444486902843,1502.6806664024446
105,misty-sweep-23,3,100.0,-3.7285307703579416,-0.028118440881371495,3.756649208919699,uniform,2.2694849967956543,0.15013944448091193,0.9506962299346924,4,1.9710978269577026,1.9710978269577026,0,-1,0.15536667245976563,0,0.14985687649986176,0.15536667245976563,-3.733103626515832,0,0.08524959534406662,0.004645051900297403,3.01879620552063,3.0644216537475586,2.9822139739990234,5.978892552982798e-05,0.0002006248533423802,4.532275876206748e-05,167.25505453365471,49.84427319647336,220.6397022850564
106,smart-sweep-22,3,100.0,-3.730266749961765,-0.02830866165459156,3.758575412098161,uniform,2.1304965019226074,0.15589927777298698,1.3959248065948486,4,2.1304965019226074,1.838672399520874,0,-1,0.15589927777298698,5,0.1523329231331427,0.14947057014722184,-3.733915461748694,0,0.08487127721309662,0.0027441945858299732,3.1405162811279297,3.119774103164673,3.1853692531585693,0.00011837206855548621,5.06826334545614e-05,5.6581576847195e-05,84.47938877838025,197.3062431526041,176.73597232905226
107,unique-sweep-18,3,10.0,-0.629123018544848,-0.02867533452808857,0.6577983458458734,uniform,3.13936710357666,0.1435520413947347,0.9572309851646423,1,2.462007522583008,0.9572309851646423,0,-1,0.1576055306387708,2,0.15277315784910012,0.15277315784910012,-0.6300892779711119,1,0.08519088476896286,0.0027420269325375557,2.967514753341675,3.098008155822754,3.1815645694732666,1.0163690284516332e-05,0.00010159435428426511,6.239538293634304e-05,9838.946012782677,984.3066645238569,1602.6826873075195
108,atomic-sweep-21,3,100.0,-3.730755884329083,-0.03111155889928341,3.7618674470182287,uniform,0.9315167665481568,0.14998730284752618,0.7718859314918518,12,2.9760923385620117,1.1854867935180664,0,-1,0.15712999703554448,4,0.15292933920186483,0.1440555709951823,-3.7346764457524557,10,0.08435219526290894,0.002644049469381571,3.050503969192505,3.0905892848968506,3.035891532897949,2.4486549110039687e-06,5.588544642900193e-05,3.0274355864106685e-05,4083.8747653093824,178.93746295297495,330.31256040218557
109,misty-sweep-20,3,10.0,-0.6239314722610132,-0.03338393568992615,0.6573154156200705,uniform,0.9970570206642152,0.14963065940497558,0.676621675491333,0,1.214474081993103,0.676621675491333,0,-1,0.15456057678237575,2,0.15016926581887002,0.15016926581887002,-0.6321781451211406,0,0.08526802062988281,0.003309359773993492,3.0173819065093994,3.064040422439575,2.9686691761016846,3.247034654999762e-05,3.571052076832581e-05,2.1706158136008437e-05,3079.733068017019,2800.2952028830978,4606.987536597257
110,jolly-sweep-17,3,10.0,-0.6273839964884634,-0.02996436506509781,0.6573483675736304,uniform,1.779959797859192,0.15295861137747496,0.9444659948348999,2,1.779959797859192,1.5684356689453125,0,-1,0.15295861137747496,5,0.14927998368194875,0.1488013798430086,-0.6330023331739196,0,0.08565147966146469,0.0033819153904914856,3.0687944889068604,2.967078447341919,2.9437520503997803,2.8369371714403492e-05,3.871686370639075e-05,2.0465151829019736e-05,3524.928257372324,2582.8538374995915,4886.355148276949
111,super-sweep-15,3,10.0,-0.6306587208595669,-0.027407439425587658,0.6580661503162777,uniform,1.1461338996887207,0.14961978057900188,0.8743531107902527,2,1.7455456256866455,1.7292989492416382,0,-1,0.15082439414393725,4,0.15053358923443272,0.15077463610584294,-0.6314109028206819,3,0.08470761775970459,0.002790271071717143,2.9832730293273926,2.9964842796325684,3.051259756088257,1.3772539481450021e-05,3.0356929272480843e-05,5.329886056983958e-06,7260.82507403142,3294.1408237443825,18762.127169485375
112,hearty-sweep-16,3,10.0,-0.628291436832868,-0.029676567763090137,0.657968017619573,uniform,1.681410312652588,0.14982887420784138,0.4198669493198395,3,1.4448914527893066,1.3508166074752808,0,-1,0.15519187149716146,1,0.15278533013590379,0.1519412583653868,-0.6310244878506955,5,0.08434464782476425,0.0026627471670508385,3.051715135574341,3.1962428092956543,3.1184191703796387,1.4676664984794802e-05,1.69090312794086e-05,4.4172229326244284e-05,6813.537006097856,5913.999350263048,2263.865816267201
113,worldly-sweep-14,3,10.0,-0.6290367219641905,-0.02863599732518196,0.657672724981616,uniform,2.7321646213531494,0.15200862177290916,0.6726168990135193,3,1.4922040700912476,1.4922040700912476,0,-1,0.15377114839814163,1,0.14695832126356784,0.15377114839814163,-0.6301808527054709,1,0.08503499627113342,0.0031874808482825756,3.1337621212005615,3.0538711547851562,3.105311870574951,3.393654252872532e-05,4.929296524865492e-05,4.259681283429553e-05,2946.676135771809,2028.6870448056227,2347.593478155437
114,electric-sweep-13,3,10.0,-0.6291960102092042,-0.028809521347284317,0.6580055240165009,uniform,0.13953489065170288,0.1519283902377074,0.13953489065170288,9,1.7636741399765015,1.7636741399765015,0,-1,0.15550553742974607,4,0.1519283902377074,0.15550553742974607,-0.631843104575967,4,0.08457193523645401,0.00272153178229928,2.980591058731079,3.030186176300049,2.9841737747192383,3.3062296634852684e-05,4.060672331002873e-05,8.837980366517009e-06,3024.593273250861,2462.646375983328,11314.802234552752
115,amber-sweep-5,3,10.0,-0.6306103265173487,-0.02697354182600975,0.6575838716315482,uniform,2.01127290725708,0.1479993472542676,0.8956045508384705,0,1.1678539514541626,0.8956045508384705,0,-1,0.15353454589908302,3,0.15134584710555868,0.15134584710555868,-0.6335724799113099,0,0.08546590059995651,0.003387950826436281,3.0302188396453857,3.1654891967773438,3.0114405155181885,2.5993841004937762e-05,5.428298082910468e-05,5.146032765924286e-06,3847.0651559730672,1842.1980236277557,19432.44525417219
116,misunderstood-sweep-2,3,10.0,-0.628699821936736,-0.029314318671822548,0.6580141381299986,uniform,0.5335767269134521,0.1536597493767478,0.5335767269134521,7,2.1686134338378906,2.397702217102051,0,-1,0.15588967083017685,5,0.1536597493767478,0.1546422377988373,-0.6319424594639889,2,0.0867326632142067,0.00278657884337008,2.966259002685547,2.9976627826690674,2.9875495433807373,5.8211192364425674e-05,2.082770993582731e-05,9.228149919718667e-05,1717.882694687981,4801.295980600463,1083.6408258422468
